영화명,매출액,관객수,스크린수,대표국적,배급사,개봉년도,5년내개봉작
서울의 봄,115350491410,11854779,2463,한국,플러스엠 엔터테인먼트,2023,Y
범죄도시3,104687737771,10682813,2582,한국,"주식회사 에이비오엔터테인먼트,플러스엠 엔터테인먼트",2023,Y
엘리멘탈,71120500040,7238453,1664,미국,월트디즈니컴퍼니코리아 유한책임회사,2023,Y
스즈메의 문단속,57106531498,5574358,1572,일본,(주)쇼박스,2023,Y
밀수,49685009003,5143219,1932,한국,(주)넥스트엔터테인먼트월드(NEW),2023,Y
더 퍼스트 슬램덩크,50057140100,4786406,1060,일본,(주)넥스트엔터테인먼트월드(NEW),2023,Y
가디언즈 오브 갤럭시: Volume 3,44357156661,4209118,1819,미국,월트디즈니컴퍼니코리아 유한책임회사,2023,Y
미션 임파서블: 데드 레코닝 PART ONE,40428788113,4022072,2437,미국,롯데컬처웍스(주)롯데엔터테인먼트,2023,Y
콘크리트 유토피아,37412802232,3849242,1731,한국,롯데컬처웍스(주)롯데엔터테인먼트,2023,Y
아바타: 물의 길,47350863697,3491916,2047,미국,월트디즈니컴퍼니코리아 유한책임회사,2022,Y
노량: 죽음의 바다,34032608940,3438133,2196,한국,"롯데컬처웍스(주)롯데엔터테인먼트,(주)에이스메이커무비웍스",2023,Y
오펜하이머,34375467901,3232774,1636,미국,유니버설픽쳐스인터내셔널 코리아(유),2023,Y
슈퍼 마리오 브라더스,23558835482,2395519,1576,미국,유니버설픽쳐스인터내셔널 코리아(유),2023,Y
30일,21256881514,2165358,1226,한국,(주)마인드마크,2023,Y
그대들은 어떻게 살 것인가,19540266642,2009398,1733,일본,메가박스중앙(주),2023,Y
존 윅 4,19956652129,1924768,1535,미국,(주)레드아이스 엔터테인먼트,2023,Y
천박사 퇴마 연구소: 설경의 비밀,18635492555,1916429,1511,한국,(주)씨제이이엔엠,2023,Y
영웅,17768606427,1787536,1099,한국,(주)씨제이이엔엠,2022,Y
분노의 질주: 라이드 오어 다이,18474198210,1773424,1731,미국,유니버설픽쳐스인터내셔널 코리아(유),2023,Y
교섭,17460908740,1721100,1289,한국,플러스엠 엔터테인먼트,2023,Y
앤트맨과 와스프: 퀀텀매니아,16346738806,1551129,2090,미국,월트디즈니컴퍼니코리아 유한책임회사,2023,Y
잠,13894258933,1470359,1231,한국,롯데컬처웍스(주)롯데엔터테인먼트,2023,Y
달짝지근해: 7510,13445519901,1388309,1032,한국,(주)마인드마크,2023,Y
드림,10821044597,1128375,1285,한국,플러스엠 엔터테인먼트,2023,Y
비공식작전,10192841216,1058745,1151,한국,(주)쇼박스,2023,Y
1947 보스톤,9464132798,1026878,1282,한국,"롯데컬처웍스(주)롯데엔터테인먼트,(주)콘텐츠지오,주식회사 에이투지엔터테인먼트",2023,Y
스파이더맨: 어크로스 더 유니버스,9492413667,920169,1103,미국,소니픽쳐스엔터테인먼트코리아주식회사극장배급지점,2023,Y
인디아나 존스: 운명의 다이얼,8504251466,860470,1268,미국,월트디즈니컴퍼니코리아 유한책임회사,2023,Y
장화신은 고양이: 끝내주는 모험,7872245363,831209,924,미국,유니버설픽쳐스인터내셔널 코리아(유),2023,Y
명탐정코난: 흑철의 어영,7705318105,801511,1030,일본,(주)씨제이이엔엠,2023,Y
트랜스포머: 비스트의 서막,7786907316,769993,1123,미국,롯데컬처웍스(주)롯데엔터테인먼트,2023,Y
대외비,7469378721,756355,1157,한국,플러스엠 엔터테인먼트,2023,Y
극장판 짱구는 못말려: 동물소환 닌자 배꼽수비대,7262598609,732188,844,일본,(주)씨제이이엔엠,2023,Y
아쿠아맨과 로스트 킹덤,7459599772,722986,965,미국,워너브러더스 코리아(주),2023,Y
프레디의 피자가게,6959703516,712241,1041,미국,유니버설픽쳐스인터내셔널 코리아(유),2023,Y
리바운드,6702452348,699243,1154,한국,(주)바른손이앤에이,2023,Y
더 마블스,6841156465,690814,1532,미국,월트디즈니컴퍼니코리아 유한책임회사,2023,Y
귀공자,6704211465,682856,966,한국,(주)넥스트엔터테인먼트월드(NEW),2023,Y
유령,6760765879,664146,1099,한국,(주)씨제이이엔엠,2023,Y
인어공주,6668613190,647706,1364,미국,월트디즈니컴퍼니코리아 유한책임회사,2023,Y
플래시,6735756989,635269,1258,미국,워너브러더스 코리아(주),2023,Y
바비,5752206126,585502,780,미국,워너브러더스 코리아(주),2023,Y
신차원! 짱구는 못말려 더 무비 초능력 대결전 ~날아라 수제김밥~,5506327689,568269,883,일본,(주)씨제이이엔엠,2023,Y
"귀멸의 칼날: 상현집결, 그리고 도공 마을로",6586552900,535969,410,일본,(주)디스테이션,2023,Y
더 문,5207712778,516556,1187,한국,(주)씨제이이엔엠,2023,Y
"오늘 밤, 세계에서 이 사랑이 사라진다 해도",5198084474,514915,402,일본,"(주)바이포엠스튜디오,홀리가든",2022,Y
3일의 휴가,4835070689,514541,863,한국,(주)쇼박스,2023,Y
소년들,4470423586,471425,1042,한국,(주)씨제이이엔엠,2023,Y
타이타닉,6528961730,454336,447,미국,"월트디즈니컴퍼니코리아 유한책임회사,씨네힐,이십세기폭스코리아(주)",1998,N
타겟,4003424694,424916,986,한국,플러스엠 엔터테인먼트,2023,Y
서치 2,4084323024,414598,868,미국,소니픽쳐스엔터테인먼트코리아주식회사극장배급지점,2023,Y
인시디어스: 빨간 문,4096944506,401656,758,미국,소니픽쳐스엔터테인먼트코리아주식회사극장배급지점,2023,Y
싱글 인 서울,3738633028,399575,917,한국,롯데컬처웍스(주)롯데엔터테인먼트,2023,Y
스위치,3794475810,399269,912,한국,롯데컬처웍스(주)롯데엔터테인먼트,2023,Y
카운트,3783714091,398442,946,한국,(주)씨제이이엔엠,2023,Y
괴물,3791952275,387427,647,일본,(주)넥스트엔터테인먼트월드(NEW),2023,Y
여름날 우리,3622009095,372645,244,중국,"(주)바이포엠스튜디오,찬란,메가박스중앙(주)",2021,Y
더 넌 2,3754295273,360743,720,미국,워너브러더스 코리아(주),2023,Y
트롤: 밴드 투게더,3109643201,336939,845,미국,유니버설픽쳐스인터내셔널 코리아(유),2023,Y
뽀로로 극장판 슈퍼스타 대모험,2933239296,321190,850,한국,씨제이 씨지브이(CJ CGV)(주),2023,Y
웅남이,2868959071,314241,829,한국,씨제이 씨지브이(CJ CGV)(주),2023,Y
거미집,3003379576,313686,1058,한국,(주)바른손이앤에이,2023,Y
던전 앤 드래곤: 도적들의 명예,2935281137,293760,1105,미국,롯데컬처웍스(주)롯데엔터테인먼트,2023,Y
용감한 시민,2445021472,266816,887,한국,(주)마인드마크,2023,Y
화란,2515803090,264050,976,한국,플러스엠 엔터테인먼트,2023,Y
크리에이터,2775280272,262823,878,미국,월트디즈니컴퍼니코리아 유한책임회사,2023,Y
아임 히어로 더 파이널,6059713000,250702,146,한국,"씨제이포디플렉스 주식회사,CGV ICECON",2023,Y
포켓 몬스터 DP: 아르세우스 초극의 시공으로,2237957275,242111,587,일본,"(주)넥스트엔터테인먼트월드(NEW),실버스푼",2009,N
소울메이트,2268064069,234775,749,한국,(주)넥스트엔터테인먼트월드(NEW),2023,Y
메간,2331686898,230874,704,미국,유니버설픽쳐스인터내셔널 코리아(유),2023,Y
나폴레옹,2241973950,225372,822,미국,소니픽쳐스엔터테인먼트코리아주식회사극장배급지점,2023,Y
바빌론,2150176805,213635,852,미국,롯데컬처웍스(주)롯데엔터테인먼트,2023,Y
베니스 유령 살인사건,2004013347,205102,876,미국,월트디즈니컴퍼니코리아 유한책임회사,2023,Y
멍뭉이,1832643386,196529,649,한국,(주)키다리스튜디오,2023,Y
킬링 로맨스,1833415642,191650,998,한국,롯데컬처웍스(주)롯데엔터테인먼트,2023,Y
헝거게임: 노래하는 새와 뱀의 발라드,1810802776,185428,986,미국,(주)누리픽쳐스,2023,Y
퍼피 구조대: 더 마이티 무비,1565577076,172444,566,미국,롯데컬처웍스(주)롯데엔터테인먼트,2023,Y
가문의 영광: 리턴즈,1608459160,167878,823,한국,(주)넥스트엔터테인먼트월드(NEW),2023,Y
플라워 킬링 문,1573261909,166226,719,미국,롯데컬처웍스(주)롯데엔터테인먼트,2023,Y
마루이 비디오,1705521500,165892,284,한국,"씨제이 씨지브이(CJ CGV)(주),(주)케이티알파",2023,Y
극장판 엉덩이 탐정: 미스터리 가면 ~최강의 대결,1278771994,141025,601,일본,(주)넥스트엔터테인먼트월드(NEW),2023,Y
남은 인생 10년,1468918600,137632,203,일본,"(주)바이포엠스튜디오,(주)디스테이션",2023,Y
극장판 슈퍼윙스: 맥시멈 스피드,1192070958,135976,407,한국,(주)넥스트엔터테인먼트월드(NEW),2023,Y
보호자,1238963700,128534,685,한국,(주)에이스메이커무비웍스,2023,Y
두다다쿵: 후후섬의 비밀,1136395650,125978,514,한국,(주)넥스트엔터테인먼트월드(NEW),2023,Y
메가로돈 2,1314843169,125935,415,미국,워너브러더스 코리아(주),2023,Y
블루 자이언트,1156359958,119711,574,일본,판씨네마(주),2023,Y
그란 투리스모,1193485239,119510,883,미국,소니픽쳐스엔터테인먼트코리아주식회사극장배급지점,2023,Y
몬스터 패밀리 2,996557533,119462,434,영국,메가박스중앙(주),2023,Y
다음 소희,1130174168,118899,562,한국,트윈플러스파트너스(주),2023,Y
문재인입니다,1133663035,116959,602,한국,유한회사 엠프로젝트,2023,Y
에브리씽 에브리웨어 올 앳 원스+,1141195984,111526,234,미국,워터홀컴퍼니(주),2023,Y
캐리와 슈퍼콜라,1024270819,111071,474,한국,롯데컬처웍스(주)롯데엔터테인먼트,2023,Y
에어,1063344581,110310,656,미국,워너브러더스 코리아(주),2023,Y
어메이징 모리스,963997160,109302,559,독일,(주)블루라벨픽쳐스,2023,Y
올빼미,1091858574,106867,448,한국,(주)넥스트엔터테인먼트월드(NEW),2022,Y
아기공룡 둘리-얼음별 대모험,985562637,103707,473,한국,워터홀컴퍼니(주),1996,N
뉴 노멀,987958873,103037,546,한국,(주)바이포엠스튜디오,2023,Y
극장판 도라에몽: 진구와 하늘의 유토피아,885287800,97700,283,일본,씨제이 씨지브이(CJ CGV)(주),2023,Y
스노우 폭스: 썰매개가 될 거야!,776965216,97651,479,미국,(주)팝엔터테인먼트,2023,Y
화사한 그녀,888872900,96146,414,한국,"(주)제이앤씨미디어그룹,(주)스튜디오 산타클로스엔터테인먼트",2023,Y
너의 이름은.,844230949,92891,101,일본,플러스엠 엔터테인먼트,2017,N
방탄소년단: 옛 투 컴 인 시네마,2035659000,92539,120,한국,"씨제이포디플렉스 주식회사,씨제이 씨지브이(CJ CGV)(주)",2023,Y
"여름을 향한 터널, 이별의 출구",941648363,92340,269,일본,(주)미디어캐슬,2023,Y
아이유 콘서트 : 더 골든 아워,2050388000,87628,63,한국,씨제이 씨지브이(CJ CGV)(주),2023,Y
말하고 싶은 비밀,830354541,85832,401,일본,"(주)바이포엠스튜디오,홀리가든",2023,Y
바다 탐험대 옥토넛 어보브 앤 비욘드 : 육지 넘어 하늘까지!,732400650,84121,245,영국,와이드 릴리즈(주),2023,Y
사나: 저주의 아이,786544500,83945,199,일본,(주)바이포엠스튜디오,2023,Y
악마들,814798273,81521,613,한국,TCO(주)더콘텐츠온,2023,Y
명탐정코난: 하이바라 아이 이야기 ~흑철의 미스터리 트레인,849594700,81475,176,일본,(주)씨제이이엔엠,2023,Y
파벨만스,819973157,81467,450,미국,(주)씨제이이엔엠,2023,Y
엑소시스트: 믿는 자,828698635,80219,630,미국,유니버설픽쳐스인터내셔널 코리아(유),2023,Y
아르고 원정대: 꼬마 영웅 패티의 대모험,722924236,79721,516,프랑스,(주)스튜디오디에이치엘,2023,Y
샤잠! 신들의 분노,830461274,78743,799,미국,워너브러더스 코리아(주),2023,Y
신비아파트 극장판 차원도깨비와 7개의 세계,712409245,75605,491,한국,(주)씨제이이엔엠,2022,Y
젠틀맨,696066848,72160,715,한국,플러스엠 엔터테인먼트,2022,Y
닌자터틀: 뮤턴트 대소동,638211569,71001,650,미국,롯데컬처웍스(주)롯데엔터테인먼트,2023,Y
보 이즈 어프레이드,685318130,68762,312,미국,(주)스튜디오디에이치엘,2023,Y
쏘우 X,661767453,63477,571,미국,"(주)올스타엔터테인먼트,(주)플레이그램",2023,Y
익스펜더블 4,606052589,63379,634,미국,"(주)올스타엔터테인먼트,(주)플레이그램",2023,Y
신체모음.zip,576492200,62287,269,한국,"(주)스튜디오디에이치엘,(주)싸이더스",2023,Y
핑크퐁 시네마 콘서트3 : 진저브레드맨을 잡아라,525427100,61016,128,한국,더핑크퐁컴퍼니(주),2023,Y
수라,511814124,60371,136,한국,"스튜디오두마,미디어나무(주),스튜디오 에이드",2023,Y
이빨요정 비올레타: 요정나라로 돌아갈래!,492263400,59394,298,독일,TCO(주)더콘텐츠온,2023,Y
슬픔의 삼각형,568754921,58412,294,미국,"그린나래미디어(주),(주)플레이그램,메가박스중앙(주)",2023,Y
바다 탐험대 옥토넛 육지수호 대작전 : 열대우림을 지켜라!,511513000,57452,284,영국,와이드 릴리즈(주),2023,Y
더 웨일,556416366,56591,203,미국,(주)스튜디오디에이치엘,2023,Y
애스터로이드 시티,557193947,56379,269,미국,유니버설픽쳐스인터내셔널 코리아(유),2023,Y
바람 따라 만나리 : 김호중의 계절,1259322000,56054,78,한국,"씨제이포디플렉스 주식회사,CGV ICECON",2023,Y
해리 포터와 혼혈 왕자,646402000,55859,41,미국,워너브러더스 코리아(주),2009,N
다크 나이트,578274149,55279,246,미국,"주식회사 해리슨앤컴퍼니,워너브러더스 코리아(주)",2008,N
라일 라일 크로커다일,502081439,54192,384,미국,소니픽쳐스엔터테인먼트코리아주식회사극장배급지점,2023,Y
런닝맨: 리벤져스,454676800,54097,221,한국,(주)넥스트엔터테인먼트월드(NEW),2023,Y
렌필드,488403949,53358,577,미국,유니버설픽쳐스인터내셔널 코리아(유),2023,Y
마야 3: 숲속 왕국의 위기,423586000,53058,208,독일,(주)박수엔터테인먼트,2023,Y
엔니오: 더 마에스트로,491695957,52190,67,이탈리아,"(주)영화사 진진,(주)씨네필운",2023,Y
거울 속 외딴 성,488564269,50685,335,일본,워터홀컴퍼니(주),2023,Y
애프터썬,484619238,49882,64,영국,"그린나래미디어(주),(주)영화사 안다미로",2023,Y
탑건: 매버릭,470698819,49074,75,미국,롯데컬처웍스(주)롯데엔터테인먼트,2022,Y
스파이 코드명 포춘,437453701,47004,477,미국,"(주)레드아이스 엔터테인먼트,(주)제이앤씨미디어그룹",2023,Y
더 와일드: 야수들의 전쟁,384063300,44540,239,한국,"TCO(주)더콘텐츠온,(주)제이앤씨미디어그룹,(주)아센디오",2023,Y
"2022 영탁 단독 콘서트 ""탁쇼""",1017054000,42384,72,한국,씨제이 씨지브이(CJ CGV)(주),2023,Y
도티와 영원의 탑,388161976,41696,370,한국,(주)넥스트엔터테인먼트월드(NEW),2023,Y
"바다 탐험대 옥토넛 어보브 앤 비욘드: 버드, 옥토경보를 울려라!",319879760,38823,215,영국,와이드 릴리즈(주),2023,Y
오토라는 남자,345305730,38645,371,미국,소니픽쳐스엔터테인먼트코리아주식회사극장배급지점,2023,Y
틴에이지 크라켄 루비,297448950,38547,203,미국,유니버설픽쳐스인터내셔널 코리아(유),2023,Y
TAR 타르,380936984,38090,197,미국,유니버설픽쳐스인터내셔널 코리아(유),2023,Y
플레인,345665658,37691,358,미국,(주)누리픽쳐스,2023,Y
크레센도,395095300,36911,91,미국,오드,2023,Y
롱디,308893500,36777,262,한국,(주)넥스트엔터테인먼트월드(NEW),2023,Y
극장판 우당탕탕 은하안전단: 진정한 용기!,256074430,33858,261,한국,(주)넥스트엔터테인먼트월드(NEW),2023,Y
똑똑똑,298318620,33771,472,미국,유니버설픽쳐스인터내셔널 코리아(유),2023,Y
몬스터 하우스2: 인비져블 피닉스,294228222,33671,357,러시아,(주)박수엔터테인먼트,2023,Y
아버지의 마음,330119906,33407,85,한국,"(주)드림팩트엔터테인먼트,파이오니아21",2023,Y
극장판 파워 디지몬 더 비기닝,322378200,33280,197,일본,에스엠지홀딩스 주식회사,2023,Y
너와 나,324590964,33243,76,한국,"주식회사 필름영,그린나래미디어(주)",2023,Y
네가 떨어뜨린 푸른 하늘,308030509,32116,449,일본,"메가박스중앙(주),(주)이놀미디어,(주)바이포엠스튜디오",2023,Y
비투비 타임 : 비투게더 더 무비,628174500,31412,32,한국,(주)케이티알파,2023,Y
류이치 사카모토: 오퍼스,286201031,31195,251,일본,"(주)엣나인필름,메가박스중앙(주)",2023,Y
극장판 아이돌리쉬 세븐; 라이브 4비트 비욘드 더 피리어드 - 데이 2,254297030,30563,78,일본,메가박스중앙(주),2023,Y
테일러 스위프트 디 에라스 투어,839042500,30232,56,미국,씨제이포디플렉스 주식회사,2023,Y
에브리씽 에브리웨어 올 앳 원스,296025979,28975,52,미국,워터홀컴퍼니(주),2022,Y
어른 김장하,230378472,27572,98,한국,(주)시네마달,2023,Y
괴담만찬,220853620,27389,162,한국,"TCO(주)더콘텐츠온,(주)블루라벨픽쳐스,(주)대교 미디어콘텐츠사업본부",2023,Y
이니셰린의 밴시,274718301,27260,135,미국,월트디즈니컴퍼니코리아 유한책임회사,2023,Y
파이어하트,233116800,27210,187,프랑스,"(주)누리픽쳐스,(주)블루라벨픽쳐스,TCO(주)더콘텐츠온",2023,Y
마이 샤이니 월드,583138000,26402,118,한국,메가박스중앙(주),2023,Y
80일간의 세계일주,229296950,26391,171,프랑스,"(주)제이앤씨미디어그룹,와이드 릴리즈(주)",2023,Y
겨울왕국,256761257,26164,318,미국,"월트디즈니컴퍼니코리아 유한책임회사,소니픽쳐스릴리징월트디즈니스튜디오스코리아(주)",2014,N
사채소년,193789300,26148,211,한국,영화사빅,2023,Y
돌핀보이,228032600,25666,177,독일,와이드 릴리즈(주),2023,Y
엔시티 네이션 : 투 더 월드 인 시네마,553420000,25030,87,한국,씨제이포디플렉스 주식회사,2023,Y
플로라 앤 썬,182027800,24613,120,미국,씨제이 씨지브이(CJ CGV)(주),2023,Y
날씨의 아이,219110181,24167,88,일본,"플러스엠 엔터테인먼트,(주)미디어캐슬,워터홀컴퍼니(주)",2019,N
극장판 뽀로로와 친구들: 바이러스를 없애줘!,212616600,23561,115,한국,(주)넥스트엔터테인먼트월드(NEW),2022,Y
눈의 여왕5: 스노우 프린세스와 미러랜드의 비밀,207161172,23331,338,기타,메가박스중앙(주),2022,Y
미녀와 야수: 마법에 걸린 왕자,202152400,22445,217,러시아,"(주)인터파크,예지림엔터테인먼트,(주)띵크",2023,Y
무명,203825737,22443,201,중국,(주)콘텐츠판다,2023,Y
너는 내 아들,195190908,22280,117,미국,"주식회사 블루필름웍스,(주)버킷스튜디오",2023,Y
극장판 아이돌리쉬 세븐; 라이브 4비트 비욘드 더 피리어드 - 데이 1,180336570,22259,79,일본,메가박스중앙(주),2023,Y
빈틈없는 사이,203095710,22198,291,한국,"(주)갤리온엔터테인먼트,영화로운 형제",2023,Y
스트리머,198703100,22111,181,한국,"TCO(주)더콘텐츠온,(주)블루라벨픽쳐스",2023,Y
듄,379750080,21601,37,미국,워너브러더스 코리아(주),2021,Y
카구야 님은 고백받고 싶어 -첫 키스는 끝나지 않아-,240958900,21564,107,일본,(주)디스테이션,2023,Y
모나리자와 블러드 문,191542710,21515,369,미국,판씨네마(주),2023,Y
치치핑핑의 쿵쿵따 탐험대,128173300,21220,28,한국,(주)에픽캔,2023,Y
드림쏭2,183372014,21217,389,미국,주식회사 원더스튜디오,2023,Y
조커,241913281,21205,206,미국,워너브러더스 코리아(주),2019,N
치악산,183966250,21028,220,한국,와이드 릴리즈(주),2023,Y
겨울왕국 2,223533591,21005,306,미국,월트디즈니컴퍼니코리아 유한책임회사,2019,N
탄생,161031375,20239,53,한국,"씨제이 씨지브이(CJ CGV)(주),(주)레드아이스 엔터테인먼트",2022,Y
극장판 전생했더니 슬라임이었던 건에 대하여: 홍련의 인연편,202097717,19711,123,일본,(주)애니플러스,2023,Y
오픈 더 도어,160931400,19202,213,한국,"(주)콘텐츠판다,(주)비에이엔터테인먼트",2023,Y
나는 여기에 있다,143076700,18504,122,한국,와이드 릴리즈(주),2023,Y
어쩌면 우린 헤어졌는지 모른다,186330566,18354,333,한국,(주)영화특별시에스엠씨,2023,Y
시뮬런트,152436774,18195,265,미국,(주)영화특별시에스엠씨,2023,Y
리빙: 어떤 인생,167774653,17822,50,영국,(주)티캐스트,2023,Y
어파이어,171286291,17172,68,독일,M&M 인터내셔널,2023,Y
키리에의 노래,151691743,16867,248,일본,이화배컴퍼니(주),2023,Y
비밀의 언덕,131063293,16492,56,한국,(주)엣나인필름,2023,Y
한 남자,139260250,15938,161,일본,트윈플러스파트너스(주),2023,Y
인셉션,285348500,15930,21,미국,"(주)디스테이션,워너브러더스 코리아(주)",2010,N
청춘 돼지는 외출하는 여동생의 꿈을 꾸지 않는다,149766354,15733,51,일본,,2023,Y
일주일간 친구,167503800,15718,142,중국,"주식회사 올랄라스토리,오드",2023,Y
"기억해, 우리가 사랑한 시간",135179400,14752,178,중국,"(주)도키엔터테인먼트,(주)키다리스튜디오",2023,Y
엑소시스트: 더 바티칸,135422965,14639,134,미국,소니픽쳐스엔터테인먼트코리아주식회사극장배급지점,2023,Y
듣보인간의 생존신고,139216041,14489,93,한국,(주)시네마달,2023,Y
지옥만세,120778259,14337,65,한국,찬란,2023,Y
씰벤져스 : 용감한 바다특공대,122085159,14209,121,미국,(주)무비다이브,2023,Y
원 모어 찬스,87720900,14080,121,중국,(주)팝엔터테인먼트,2023,Y
원피스 필름 레드,136735356,14067,34,일본,(주)넥스트엔터테인먼트월드(NEW),2022,Y
더 킬러,118471100,14036,78,미국,씨제이 씨지브이(CJ CGV)(주),2023,Y
오글리스: 웰컴 투 냄새 마을,114511970,13747,256,독일,(주)박수엔터테인먼트,2023,Y
라방,122980128,13647,282,한국,(주)트리플픽쳐스,2023,Y
여덟 개의 산,122149728,13481,44,이탈리아,(주)영화사 진진,2023,Y
조이 라이드,115023758,13436,225,미국,판씨네마(주),2023,Y
길위에 김대중,119789000,13381,13,한국,"(주)아이오케이컴퍼니,(주)명필름,(주)시네마6411",2024,Y
좋.댓.구,118487964,13378,146,한국,"트윈플러스파트너스(주),(주)키다리스튜디오",2023,Y
유랑지구2,103069320,13360,138,중국,(주)박수엔터테인먼트,2023,Y
매직 프린세스: 얼음 괴물과 사라진 열쇠의 비밀,106453357,12969,162,러시아,(주)박수엔터테인먼트,2023,Y
헌티드 맨션,119461383,12877,187,미국,월트디즈니컴퍼니코리아 유한책임회사,2023,Y
괴인,100979852,12587,79,한국,(주)영화사 진진,2023,Y
패왕별희 디 오리지널,134248288,12563,79,중국,"와이드 릴리즈(주),(주)제이앤씨미디어그룹,(주)드림팩트엔터테인먼트",2017,N
드림팰리스,88669704,12424,75,한국,㈜인디스토리,2023,Y
세계를 뒤흔든 43일,124787939,12395,35,한국,"(주)드림팩트엔터테인먼트,(주)빅브라더스",2023,Y
나의 행복한 결혼,92340248,12382,109,일본,(주)디스테이션,2023,Y
우리 사랑이 향기로 남을 때,115424800,12364,173,한국,"주식회사 콘텐츠존,(주)다자인소프트",2023,Y
너의 눈을 들여다보면,118291505,12186,71,프랑스,(주)디오시네마,2023,Y
라이드 온,101034008,12117,100,중국,"(주)넥스트엔터테인먼트월드(NEW),(주)콘텐츠판다",2023,Y
강변의 무코리타,106367426,12109,131,일본,(주)디스테이션,2023,Y
65,121467529,12080,462,미국,소니픽쳐스엔터테인먼트코리아주식회사극장배급지점,2023,Y
부기맨,128541164,12059,193,미국,월트디즈니컴퍼니코리아 유한책임회사,2023,Y
치치치 치킨의 비밀,102686450,12034,156,중국,(주)팝엔터테인먼트,2023,Y
위대한 쇼맨,124844615,11917,52,미국,"월트디즈니컴퍼니코리아 유한책임회사,이십세기폭스코리아(주)",2017,N
라라랜드,120870270,11601,50,미국,판씨네마(주),2016,N
만분의 일초,87886606,11564,74,한국,(주)더쿱디스트리뷰션,2023,Y
꼬마돼지 베이브의 바다 대모험,97864844,11540,319,중국,(주)박수엔터테인먼트,2023,Y
시간을 꿈꾸는 소녀,85744894,11041,77,한국,"(주)하이하버픽쳐스,(주)영화사 진진",2023,Y
비닐하우스,91622476,10928,78,한국,(주)트리플픽쳐스,2023,Y
시수,94598662,10902,175,기타,(주)이놀미디어,2023,Y
항구의 니쿠코짱!,86256889,10521,123,일본,트윈플러스파트너스(주),2023,Y
핑크퐁 시네마 콘서트 2: 원더스타 콘서트 대작전,89529297,10218,124,한국,(주)넥스트엔터테인먼트월드(NEW),2022,Y
나의 피투성이 연인,80979347,10202,45,한국,"(주)디오시네마,㈜인디스토리",2023,Y
헤어질 결심,98564589,10193,34,한국,(주)씨제이이엔엠,2022,Y
냉정과 열정사이,83302600,10174,59,일본,"하준사,월트디즈니컴퍼니코리아(주),(주)디스테이션",2003,N
"뮤지컬 공연실황, 알쏭달쏭 캐치! 티니핑",117266600,9982,64,한국,"씨제이 씨지브이(CJ CGV)(주),CGV ICECON",2023,Y
두 사람을 위한 식탁,73821656,9889,37,한국,필름다빈,2023,Y
그 여름,91612847,9802,93,한국,판씨네마(주),2023,Y
"1986 그 여름, 그리고 고등어통조림",78671500,9498,111,일본,와이드 릴리즈(주),2023,Y
기적을 믿는 소녀,88590300,9476,76,미국,홀리가든,2023,Y
그대 어이가리,73826394,9232,82,한국,(주)영화사 순수,2023,Y
뿌까의 짜장면파티,54176000,8984,11,한국,(주)에픽캔,2022,Y
"자우림, 더 원더랜드",93976269,8979,109,한국,"메가박스중앙(주),써티세븐스디그리(주)",2023,Y
금의 나라 물의 나라,62175770,8763,141,일본,(주)이놀미디어,2023,Y
극장판 파워레인저 캡틴포스: 지구를 위한 싸움,82651478,8700,147,일본,트윈플러스파트너스(주),2023,Y
빅슬립,64302597,8680,61,한국,찬란,2023,Y
사슴의 왕,64085149,8614,119,일본,트윈플러스파트너스(주),2023,Y
엘 카미노,90188000,8528,34,한국,"씨제이 씨지브이(CJ CGV)(주),CGV ICECON",2023,Y
더 썬,74284419,8504,62,영국,(주)스튜디오디에이치엘,2023,Y
힙노틱,78114011,8405,113,미국,"(주)레드아이스 엔터테인먼트,(주)제이앤씨미디어그룹",2023,Y
샤이닝,71236578,8325,45,미국,워너브러더스 코리아(주),2023,Y
아머드 사우루스: 기계공룡제국의 침략,76296435,8252,236,한국,트윈플러스파트너스(주),2023,Y
강다니엘: 마이 퍼레이드,158654500,7933,26,한국,"씨제이 씨지브이(CJ CGV)(주),(주)위즈온센",2023,Y
마에스트로 번스타인,65324100,7874,61,미국,씨제이 씨지브이(CJ CGV)(주),2023,Y
엄마의 땅: 그리샤와 숲의 주인,72097889,7859,121,한국,(주)더쿱디스트리뷰션,2023,Y
곰돌이 푸: 피와 꿀,88613286,7792,189,영국,(주)팝엔터테인먼트,2023,Y
스프린터,63895980,7786,48,한국,스튜디오 에이드,2023,Y
오즈의 마법사,63150968,7769,52,미국,"주식회사 마운틴픽쳐스,워너브러더스 코리아(주)",2012,N
어느 멋진 아침,68265669,7639,50,프랑스,"찬란,(주)빅브라더스",2023,Y
약속,66160608,7634,42,한국,엠라인디스트리뷰션(주),2023,Y
플래닛,66394408,7626,135,러시아,(주)올스타엔터테인먼트,2023,Y
만강홍: 사라진 밀서,64451145,7588,153,중국,팝엔터테인먼트,2023,Y
문맨,58867108,7539,134,중국,(주)스튜디오디에이치엘,2023,Y
장기자랑,69939195,7372,57,한국,(주)영화사 진진,2023,Y
마에스트로,64315111,7344,45,프랑스,(주)티캐스트,2023,Y
뮤지컬 레드북,141349500,7296,35,한국,씨제이 씨지브이(CJ CGV)(주),2023,Y
웃는남자 감독판,145395500,7270,8,한국,(주)디지컴코리아엠앤엠,2019,N
비의도적 연애담 스페셜,107713000,7181,23,한국,주식회사 넘버쓰리픽쳐스,2023,Y
페르시아어 수업,63965074,7123,21,러시아,(주)영화사 진진,2022,Y
"조제, 호랑이 그리고 물고기들",60308900,7103,107,일본,(주)팝엔터테인먼트,2021,Y
극장판 아름다운 그: 이터널,66289550,7102,94,일본,홀리가든,2023,Y
스타 이즈 본,76171439,6925,56,미국,워너브러더스 코리아(주),2018,N
다이브: 100 피트 추락,59292123,6830,109,독일,와이드 릴리즈(주),2023,Y
비밀,68269305,6721,126,한국,(주)영화특별시에스엠씨,2023,Y
샷건 웨딩,51048300,6661,126,미국,"와이드 릴리즈(주),(주)제이앤씨미디어그룹",2023,Y
드라이브 마이 카,72198309,6604,18,일본,(주)트리플픽쳐스,2021,Y
오디션,68906700,6590,122,일본,와이드 릴리즈(주),2023,Y
어디로 가고 싶으신가요,56818216,6581,89,한국,(주)디스테이션,2023,Y
교토에서 온 편지,56905197,6541,66,한국,판씨네마(주),2023,Y
팀 버튼의 크리스마스 악몽,69623500,6475,29,미국,"월트디즈니컴퍼니코리아 유한책임회사,한국소니픽쳐스릴리징브에나비스타영화㈜",1995,N
차박- 살인과 낭만의 밤,58756696,6465,90,한국,(주)디스테이션,2023,Y
크리드 3,62865600,6366,156,미국,워너브러더스 코리아(주),2023,Y
로보카폴리 안전교실 교통편,37881000,6304,9,한국,(주)로이비쥬얼,2022,Y
헤드윅,54860234,6280,59,미국,"워너브러더스 코리아(주),(주)엣나인필름,(주)씨네월드",2002,N
틸,54991600,6198,122,미국,유니버설픽쳐스인터내셔널 코리아(유),2023,Y
스크래퍼,56919717,6176,45,영국,"그린나래미디어(주),(주)스튜디오 산타클로스엔터테인먼트",2023,Y
시간을 달리는 소녀,49758970,6166,42,일본,"(주)얼리버드픽쳐스,THE 픽쳐스,CJ ENM,와이드 릴리즈(주)",2007,N
칸다하,49169213,6149,78,미국,(주)누리픽쳐스,2023,Y
폭로,51638600,6136,145,한국,(주)메리크리스마스,2023,Y
서태지 25주년 라이브 타임: 트래블러,118467500,5924,44,한국,씨제이 씨지브이(CJ CGV)(주),2023,Y
"안녕, 소중한 사람",50923256,5894,37,프랑스,(주)티캐스트,2023,Y
비긴 어게인,53709590,5882,61,미국,판씨네마(주),2014,N
인투 더 월드,53570000,5815,19,미국,유니버설픽쳐스인터내셔널 코리아(유),2024,Y
유랑의 달,58430392,5812,45,일본,"(주)영화특별시에스엠씨,주식회사 왓챠",2023,Y
안녕하세요,55041000,5792,4,한국,(주)디스테이션,2022,Y
레디 플레이어 원,74079000,5658,40,미국,워너브러더스 코리아(주),2018,N
빅트립2: 아기곰 배달 대작전,49824450,5657,128,러시아,와이드 릴리즈(주),2023,Y
메모리아,53863446,5648,36,기타,찬란,2022,Y
믿을 수 있는 사람,48315272,5526,62,한국,찬란,2023,Y
탑건,47027000,5314,15,미국,(주)리틀빅픽쳐스,1987,N
단순한 열정,46166290,5268,31,프랑스,(주)영화사 진진,2023,Y
볼코노고프 대위 탈출하다,49352335,5167,36,러시아,주식회사 슈아픽처스,2023,Y
콜 제인,47751294,5007,70,영국,"(주)누리픽쳐스,(주)영화특별시에스엠씨",2023,Y
뽀로로 극장판 보물섬 대모험,26044000,4976,22,한국,(주)넥스트엔터테인먼트월드(NEW),2019,N
명탐정 코난: 할로윈의 신부,40402500,4974,30,일본,(주)씨제이이엔엠,2022,Y
매그놀리아,46412000,4829,15,미국,,2000,N
마리앙투아네트,96237000,4812,8,한국,씨제이 씨지브이(CJ CGV)(주),2023,Y
홈그라운드,42489800,4783,35,한국,영화배급협동조합 씨네소파,2023,Y
올드보이,47050300,4781,35,한국,"쇼이스트(주),(주)씨제이이엔엠",2003,N
어바웃 타임,46360500,4742,36,영국,유니버설픽쳐스인터내셔널 코리아(유),2013,N
프로메어,47166393,4678,4,일본,(주)영화사 그램,2022,Y
이마 베프,47419489,4663,45,프랑스,(주)무비다이브,2023,Y
살수,42416765,4600,188,한국,"TCO(주)더콘텐츠온,와이드 릴리즈(주),(주)제이앤씨미디어그룹",2023,Y
블레이드 러너: 파이널 컷,47564100,4598,15,미국,"워너브러더스 코리아(주),주식회사 해리슨앤컴퍼니",1993,N
본즈 앤 올,50846199,4592,21,미국,워너브러더스 코리아(주),2022,Y
슈가: 로드 투 디데이,94042500,4563,80,한국,"롯데컬처웍스(주)롯시플,(주)영화사 그램",2023,Y
리턴 투 서울,42377792,4426,59,프랑스,(주)엣나인필름,2023,Y
익스트림 페스티벌,37847331,4424,42,한국,트윈플러스파트너스(주),2023,Y
뱀파이어와의 인터뷰,42189000,4423,15,미국,,1994,N
다섯 번째 흉추,38058203,4403,43,한국,㈜인디스토리,2023,Y
위대한 작은 농장,36112610,4285,31,미국,(주)엣나인필름,2023,Y
여덟 번째 감각,36660804,4257,80,한국,"(주)플레이그램,(주)영화특별시에스엠씨",2023,Y
울지마 엄마,31852000,4240,99,한국,주식회사 원더스튜디오,2023,Y
어떤 영웅,39240823,4224,38,프랑스,(주)영화사 진진,2023,Y
위너 2022 콘서트 더 서클 더 무비,91370200,4166,31,한국,씨제이 씨지브이(CJ CGV)(주),2023,Y
제이홉 인 더 박스,85413500,4162,80,한국,"롯데컬처웍스(주)롯시플,(주)영화사 그램",2023,Y
미션 임파서블: 폴아웃,35498800,4146,58,미국,롯데컬처웍스(주)롯데엔터테인먼트,2018,N
400번의 구타,38936896,4145,33,프랑스,"(주)엣나인필름,㈜영화사 백두대간",2016,N
퀴어 마이 프렌즈,36058406,4120,38,한국,(주)영화사 그램,2023,Y
광대: 소리꾼,28940000,4106,2,한국,트윈플러스파트너스(주),2022,Y
초속5센티미터,37771098,4060,32,일본,"(주)미디어캐슬,대원디지털엔터테인먼트,(주)팝엔터테인먼트",2007,N
유앤미앤미,29545400,4054,73,기타,주식회사 원더스튜디오,2023,Y
귀를 기울이면,32292500,4050,123,일본,(주)팝엔터테인먼트,2023,Y
거신: 바람의 아이,32844077,4046,77,한국,트윈플러스파트너스(주),2023,Y
그래비티,37311500,4035,56,미국,"(주)스튜디오디에이치엘,주식회사 해리슨앤컴퍼니,워너브러더스 코리아(주)",2013,N
우리의 하루,37789790,4018,47,한국,"(주)영화제작전원사 ,(주)콘텐츠판다",2023,Y
북 클럽: 넥스트 챕터,26091300,3995,19,미국,유니버설픽쳐스인터내셔널 코리아(유),2023,Y
물꽃의 전설,33802883,3975,33,한국,(주)영화사 진진,2023,Y
콜드플레이 뮤직 오브 더 스피어스: 라이브 앳 리버 플레이트,86592000,3936,74,영국,씨제이포디플렉스 주식회사,2023,Y
물안에서,36109098,3918,61,한국,"(주)영화제작전원사 ,(주)콘텐츠판다",2023,Y
극장판 사사키와 미야노 - 졸업편,37494900,3818,65,일본,(주)디스테이션,2023,Y
가가린,37020287,3812,24,프랑스,(주)엣나인필름,2022,Y
힐마 아프 클린트 - 미래를 위한 그림,27499612,3803,24,독일,(주)마노엔터테인먼트,2023,Y
자전거 도둑,32418453,3799,32,이탈리아,일미디어,2023,Y
극장판 리틀 슈퍼맨 샘샘,32845850,3774,110,프랑스,"와이드 릴리즈(주),(주)제이앤씨미디어그룹",2023,Y
코코,42883700,3766,10,미국,월트디즈니컴퍼니코리아 유한책임회사,2018,N
언더 유어 베드,31340878,3742,54,한국,(주)트리플픽쳐스,2023,Y
레미제라블,30616813,3733,41,미국,유니버설픽쳐스인터내셔널 코리아(유),2012,N
인디펜던스 나이트,29872570,3723,59,미국,(주)디스테이션,2023,Y
바닐라 스카이,35761000,3690,15,미국,UIP코리아,2001,N
프리 철수 리,32724000,3640,59,한국,커넥트픽쳐스(주),2023,Y
나 혼자만 레벨업 : 프리뷰,46440600,3618,62,일본,(주)애니플러스,2023,Y
디어 마이 러브,27754784,3584,23,기타,(주)뮤제엔터테인먼트,2023,Y
절해고도,31551100,3549,36,한국,"아이 엠,무브먼트",2023,Y
신세계로부터,30079739,3531,20,한국,필름다빈,2023,Y
"열여덟, 어른이 되는 나이",32338297,3515,34,한국,필름다빈,2023,Y
어퓨굿맨,29691000,3465,15,미국,,1992,N
뽀로로 극장판 드래곤캐슬 대모험,23536700,3426,31,한국,(주)넥스트엔터테인먼트월드(NEW),2022,Y
그녀의 취미생활,29809412,3372,52,한국,(주)트리플픽쳐스,2023,Y
비욘드 라이브 더 무비 - 태민 : 엔.지.디.에이,55026000,3335,30,한국,씨제이 씨지브이(CJ CGV)(주),2023,Y
이태석,23163197,3297,88,한국,"THE 픽쳐스,주식회사 블루필름웍스",2022,Y
배트맨,30697251,3293,77,미국,워너브러더스 코리아(주),1990,N
찬란한 나의 복수,28584999,3289,59,한국,영화배급협동조합 씨네소파,2023,Y
새비지 맨,25868492,3227,50,미국,주식회사 디에스이이디,2023,Y
스파이더맨: 뉴 유니버스,40088900,3208,6,미국,소니픽쳐스엔터테인먼트코리아주식회사극장배급지점,2018,N
본 투 플라이,25243466,3183,72,중국,와이드 릴리즈(주),2023,Y
원 웨이,25478197,3176,50,미국,주식회사 블루필름웍스,2023,Y
매트,37823156,3173,9,한국,시네마 뉴원,2023,Y
말이야 바른 말이지,25710082,3163,34,한국,서울독립영화제,2023,Y
레슬리에게,27320086,3156,32,미국,"(주)영화사 진진,(주)하이스트레인저",2023,Y
쥴 앤 짐,29101589,3119,33,프랑스,"(주)엣나인필름,㈜영화사 백두대간",1997,N
느티나무 아래,26800450,3089,13,한국,"미디어나무(주),스튜디오 에이드",2023,Y
흐르다,25389597,3084,43,한국,M&M 인터내셔널,2023,Y
궁지에 몰린 쥐는 치즈 꿈을 꾼다,34624752,3065,66,일본,홀리가든,2023,Y
러브 라이프,26091670,3054,30,일본,M&M 인터내셔널,2023,Y
울프 하운드,24209397,3043,50,미국,주식회사 풍경소리,2023,Y
코르사주,25761798,2972,31,프랑스,"그린나래미디어(주),(주)플레이그램",2022,Y
쏜애플 불구경 2022 라이브 콘서트 필름,58910900,2957,10,한국,씨제이 씨지브이(CJ CGV)(주),2023,Y
패닉 런,29729495,2943,53,미국,주식회사 원더스튜디오,2023,Y
르네상스 필름 바이 비욘세,72770500,2911,19,미국,씨제이포디플렉스 주식회사,2023,Y
5시부터 7시까지의 주희,24511547,2906,41,한국,"(주)모쿠슈라,㈜인디스토리",2023,Y
장수상회,17990000,2900,4,한국,(주)씨제이이엔엠,2015,N
시맨틱 에러: 더 무비,36447700,2890,5,한국,주식회사 왓챠,2022,Y
조디악,24927264,2867,32,미국,워너브러더스 코리아(주),2007,N
극장판 헬로카봇: 수상한 마술단의 비밀,19950000,2856,30,한국,롯데컬처웍스(주)롯데엔터테인먼트,2022,Y
라스트 버스,22207091,2848,27,영국,주식회사 블루필름웍스,2023,Y
조이랜드,26546686,2845,34,기타,주식회사 슈아픽처스,2023,Y
부활 그 소망,29641000,2836,8,한국,파이오니아21,2024,Y
티처스 라운지,25030681,2748,29,독일,(주)스튜디오디에이치엘,2023,Y
번개맨: 더 비기닝,24776167,2725,181,한국,"(주)드림팩트엔터테인먼트,(주)빅브라더스",2023,Y
러브레터,26540476,2718,11,일본,"주식회사 왓챠,와이드 릴리즈(주),(주)제이앤씨미디어그룹,(유)조이앤시네마,(주)팝엔터테인먼트",1999,N
트랜스포머,29813865,2717,77,미국,"롯데컬처웍스(주)롯데엔터테인먼트,CJ ENM",2007,N
아이즈 와이드 셧,23912000,2694,15,미국,워너브러더스 코리아(주),2000,N
문바운드,22203956,2646,68,기타,주식회사 블루필름웍스,2023,Y
제비,24760397,2613,28,한국,(주)시네마달,2023,Y
작은정원,18024800,2545,20,한국,(주)시네마달,2023,Y
카일리 블루스,24604479,2528,20,중국,찬란,2023,Y
레인맨,22077000,2491,11,미국,유나이티드 아티스트,1989,N
극장판 주술회전 0,25514606,2466,3,일본,(주)대교 미디어콘텐츠사업본부,2022,Y
엘비스,22374690,2438,28,미국,워너브러더스 코리아(주),2022,Y
노크: 더 하우스,22589750,2437,92,미국,(주)누리픽쳐스,2023,Y
더 배트맨,24341492,2421,15,미국,워너브러더스 코리아(주),2022,Y
마마무: 마이콘 더 무비,48225500,2412,21,한국,(주)위즈온센,2023,Y
독친,21370811,2405,52,한국,(주)트리플픽쳐스,2023,Y
206: 사라지지 않는,22671406,2385,26,한국,찬란,2023,Y
어거스트 러쉬,18949367,2350,41,미국,"(주)영화사 그램,CJ ENM,워너브러더스 코리아(주)",2007,N
보통의 카스미,20963084,2349,24,일본,(주)비싸이드 픽쳐스,2023,Y
피닉스,21998200,2303,11,독일,M&M 인터내셔널,2021,Y
수운잡방,26224300,2300,11,한국,와이드 릴리즈(주),2023,Y
박하경 여행기,22021800,2225,34,한국,씨제이 씨지브이(CJ CGV)(주),2023,Y
마크로스 플러스 -무비 에디션-,20993782,2219,43,일본,(주)라이크콘텐츠,2023,Y
달리랜드,16553550,2189,68,영국,스튜디오 에이드,2023,Y
차별,19238398,2168,24,한국,(주)디오시네마,2023,Y
잔고: 분노의 적자,18928045,2163,42,한국,(주)영화사 그램,2023,Y
이터널 선샤인,20521000,2150,2,미국,"(주)노바미디어,코리아픽쳐스(주)",2005,N
10일간의 애인,21160996,2118,50,한국,(주)그노스,2023,Y
에고이스트,21332529,2110,23,일본,"(주)디오시네마,(주)태양미디어그룹",2023,Y
늑대아이,17180900,2109,36,일본,"(주)미디어데이,와이드 릴리즈(주)",2012,N
줄리아의 인생극장,18292179,2109,24,프랑스,해피송,2023,Y
강남좀비,21235695,2098,51,한국,"와이드 릴리즈(주),(주)제이앤씨미디어그룹",2023,Y
그녀가 좋아하는 것은,19503800,2083,69,일본,홀리가든,2023,Y
명탐정 코난: 비색의 탄환,16673400,2074,30,일본,(주)씨제이이엔엠,2021,Y
코다,15917550,2073,2,프랑스,판씨네마(주),2021,Y
디파티드,17619848,2067,38,미국,워너브러더스 코리아(주),2006,N
사형에 이르는 병,19355478,2040,28,일본,"(주)태양미디어그룹,와이드 릴리즈(주)",2023,Y
양자경의 더 모든 날 모든 순간,21243988,2037,6,미국,워터홀컴퍼니(주),2022,Y
울브스 오브 워,20215900,2025,50,영국,(주)누리픽쳐스,2023,Y
인드림,14933750,2005,45,한국,주식회사 원더스튜디오,2023,Y
구니스,16075540,1945,30,미국,워너브러더스 코리아(주),1986,N
해바라기,14191228,1940,14,이탈리아,일미디어,1982,N
신 울트라맨,17452989,1924,53,일본,와이드 릴리즈(주),2023,Y
애프터 양,18110000,1914,3,미국,"(주)영화특별시에스엠씨,주식회사 왓챠",2022,Y
피아니스트의 전설,17761051,1890,25,이탈리아,"일미디어,(주)라이크콘텐츠",2020,Y
버텨내고 존재하기,18554914,1856,28,한국,(주)엣나인필름,2023,Y
불멸의 여자,15394696,1846,22,한국,"(주)드림팩트엔터테인먼트,(주)아크메",2023,Y
거룩한 술꾼의 전설,16289700,1807,18,이탈리아,일미디어,2023,Y
주토피아,20416000,1804,7,미국,월트디즈니컴퍼니코리아(주),2016,N
만해 한용운 님의침묵,21566949,1799,10,한국,시네마 뉴원,2023,Y
티빙 오리지널 운수 오진 날,20822500,1797,9,한국,씨제이 씨지브이(CJ CGV)(주),2023,Y
여섯 개의 밤,15038597,1796,34,한국,㈜인디스토리,2023,Y
실버맨,10995600,1770,10,한국,(주)이놀미디어,2023,Y
메타모르포제의 툇마루,16540800,1738,39,일본,(주)미디어캐슬,2023,Y
극장판 엄마 까투리: 도시로 간 까투리 가족,11905900,1731,28,한국,(주)넥스트엔터테인먼트월드(NEW),2022,Y
기적의 시작,11068000,1725,2,한국,퓨어웨이픽쳐스,2024,Y
바비 IMAX,28875000,1724,20,미국,워너브러더스 코리아(주),2023,Y
곤지암,13516300,1677,30,한국,(주)쇼박스,2018,N
나는 마을 방과후 교사입니다,15176599,1673,23,한국,(주)스튜디오그레인풀,2023,Y
셰이프 오브 워터: 사랑의 모양,17332300,1661,10,미국,"이십세기폭스코리아(주),월트디즈니컴퍼니코리아 유한책임회사",2018,N
그림자 고백,16877200,1653,7,한국,와이드 릴리즈(주),2023,Y
이윽고 바다에 닿다,15349135,1642,19,일본,(주)블루라벨픽쳐스,2023,Y
굿바이,12706000,1623,9,일본,"(주)팝엔터테인먼트,(주)드림팩트엔터테인먼트,㈜케이디미디어",2008,N
나의 그리스식 웨딩 3,14346412,1595,7,미국,유니버설픽쳐스인터내셔널 코리아(유),2023,Y
그녀,16641100,1581,11,미국,"주식회사 더쿱,유니버설픽쳐스인터내셔널 코리아(유)",2014,N
운디네,15903100,1569,9,독일,M&M 인터내셔널,2020,Y
백지영 콘서트 인 시네마,14346450,1558,47,한국,"롯데컬처웍스(주)롯시플,(주)영화사 그램",2023,Y
명탐정 코난: 감청의 권,12311600,1553,30,일본,(주)씨제이이엔엠,2019,N
원더,15838000,1544,2,미국,"CGV아트하우스,그린나래미디어(주)",2017,N
타임코드 57,12162551,1531,47,미국,(주)무비다이브,2023,Y
아르코 라이브 뮤지컬 호프,30308000,1526,9,한국,(주)아이디어랩,2021,Y
디텍티브 나이트: 가면의 밤,13000596,1515,51,미국,(주)디스테이션,2023,Y
카메라를 멈추면 안 돼! 프랑스에서도,14312697,1506,44,프랑스,"(주)까멜리아이엔티,주식회사 제이씨엔터웍스",2023,Y
내 아내 이야기,13936607,1502,24,독일,(주)영화사 안다미로,2023,Y
낭만적 공장,13666155,1495,27,한국,(주)영화사오원,2023,Y
붉은 사막,11624255,1482,18,이탈리아,일미디어,2023,Y
살인의 추억,13556560,1459,35,한국,CJ ENM,2003,N
인사이드 아웃,15837200,1457,6,미국,월트디즈니컴퍼니코리아(주),2015,N
세인트 세이야: 더 비기닝,8842606,1443,48,일본,소니픽쳐스엔터테인먼트코리아주식회사극장배급지점,2023,Y
블랙 스완,14834200,1422,9,미국,"(주)영화사 그램,이십세기폭스코리아(주),월트디즈니컴퍼니코리아 유한책임회사",2011,N
겨울 이야기,7209399,1411,22,한국,"와이드 릴리즈(주),시네마 뉴원",2023,Y
쓰리 빌보드,14412500,1408,10,미국,"이십세기폭스코리아(주),월트디즈니컴퍼니코리아 유한책임회사",2018,N
한산: 용의 출현,11174000,1406,5,한국,롯데컬처웍스(주)롯데엔터테인먼트,2022,Y
피터 본 칸트,11724796,1403,29,프랑스,(주)드림팩트엔터테인먼트,2023,Y
컨버세이션,11384198,1398,21,한국,필름다빈,2023,Y
언어의 정원,12342844,1385,12,일본,"(주)미디어캐슬,(주)팝엔터테인먼트",2013,N
팟 제너레이션,14495101,1376,25,기타,주식회사 왓챠,2023,Y
세상을 바꾼 변호인,10462000,1369,2,미국,CGV아트하우스,2019,N
몸값part.1,13274613,1357,54,한국,메가박스중앙(주),2023,Y
북 오브 러브,12448198,1356,31,미국,(주)스튜디오디에이치엘,2023,Y
물비늘,11748700,1332,18,한국,㈜인디스토리,2023,Y
슬기로운 아내 수업,10442034,1328,20,프랑스,주식회사 오디언스,2023,Y
수상한 그녀,9816000,1320,2,한국,(주)씨제이이엔엠,2014,N
너의 순간,11297550,1319,26,한국,영화로운 형제,2023,Y
나의 연인에게,11418898,1313,27,독일,(주)까멜리아이엔티,2023,Y
EBS친구들 씽씽 댄스파티,7904000,1306,4,한국,(주)에픽캔,2022,Y
바람개비,11959927,1284,36,한국,(주)디스테이션,2023,Y
팔로우드,12295988,1272,51,미국,(주)영화사오원,2023,Y
외계+인 1부,11412000,1268,5,한국,(주)씨제이이엔엠,2022,Y
썸머 워즈,10693640,1254,35,일본,"CJ ENM,와이드 릴리즈(주)",2009,N
창극 변강쇠 점 찍고 옹녀,6416000,1254,5,한국,(주)이놀미디어,2022,Y
스토커,12733700,1237,9,미국,"이십세기폭스코리아(주),월트디즈니컴퍼니코리아 유한책임회사",2013,N
너를 줍다,10990501,1233,28,한국,영화로운 형제,2023,Y
원더풀 라이프,12555500,1226,7,일본,"(주)영화사 안다미로,(주)라이크콘텐츠,㈜영화사 백두대간",2001,N
붉은 장미의 추억,9832000,1218,5,한국,(주)프로젝트42,2023,Y
국제시장,7349000,1204,4,한국,(주)씨제이이엔엠,2014,N
릴리 슈슈의 모든 것,11450000,1202,3,일본,"(주)미디어캐슬,(주)튜브엔터테인먼트",2005,N
앵그리 애니,12998306,1192,21,프랑스,(주)팝엔터테인먼트,2023,Y
스즈메의 문단속: 다녀왔어,14730730,1191,2,일본,(주)쇼박스,2024,Y
창극 춘향,6035000,1188,5,한국,(주)이놀미디어,2022,Y
플레이 뮤지컬 핑크퐁과 아기상어의 생일파티 대소동,14158500,1178,27,한국,씨제이 씨지브이(CJ CGV)(주),2023,Y
"안녕, 내일 또 만나",10543223,1152,21,한국,"(주)영화사 안다미로,영화로운 형제",2023,Y
몸값part.2,10943283,1147,48,한국,메가박스중앙(주),2023,Y
지구 최후의 밤,12107500,1129,3,중국,찬란,2019,N
뮤지컬 윌리엄과 윌리엄의 윌리엄들,22543000,1128,9,한국,주식회사 푸른잎커뮤니케이션,2023,Y
너를 부르는 시간,10734258,1100,36,중국,(주)박수엔터테인먼트,2023,Y
안나푸르나,8435856,1091,16,한국,시네마 뉴원,2023,Y
극장판 짱구는 못말려: 수수께끼! 꽃피는 천하떡잎학교,7733000,1090,2,일본,(주)씨제이이엔엠,2022,Y
위시,10338000,1082,3,미국,월트디즈니컴퍼니코리아 유한책임회사,2024,Y
킹 오브 프리즘 - 프라이드 더 히어로,9612678,1072,4,일본,"동우에이앤이(주),(주)박수엔터테인먼트",2017,N
나는보리,10894000,1068,4,한국,(주)영화사 진진,2020,Y
프레이 포 더 데블,10675000,1068,3,미국,(주)올스타엔터테인먼트,2022,Y
아무도 모른다,11587700,1058,7,일본,"(주)디스테이션,(주)동숭아트센터",2005,N
벤허,2157000,1052,1,미국,(주)팝엔터테인먼트,1972,N
엽문의 시작,11192000,1030,48,중국,"와이드 릴리즈(주),(주)제이앤씨미디어그룹",2023,Y
아만다,10465087,1021,29,이탈리아,(주)이놀미디어,2023,Y
귀토-토끼의 팔란,5117000,1013,5,한국,(주)이놀미디어,2021,Y
노트르담 온 파이어,8126400,1007,20,프랑스,찬란,2023,Y
튤립 모양,9091099,1006,31,한국,(주)삼거리픽쳐스,2023,Y
더 페이버릿: 여왕의 여자,9883000,990,9,미국,"이십세기폭스코리아(주),월트디즈니컴퍼니코리아 유한책임회사",2019,N
무경계,9424339,988,9,한국,"(주)빅브라더스,(주)드림팩트엔터테인먼트",2023,Y
인생은 아름다워,6964000,971,6,한국,롯데컬처웍스(주)롯데엔터테인먼트,2022,Y
오늘 출가합니다,8491799,969,20,한국,(주)트리플픽쳐스,2023,Y
사랑의 불시착: 라이브 인 서울,17259500,951,16,한국,"(주)위즈온센,씨제이 씨지브이(CJ CGV)(주)",2023,Y
비포 선셋,9117000,951,2,미국,"에무 시네마 앤 카페,THE 픽쳐스,워너브러더스 코리아(주)",2004,N
아워 프렌드,7385667,938,30,미국,(주)디스테이션,2023,Y
남매의 여름밤,10700000,929,4,한국,그린나래미디어(주),2020,Y
보이지 않아,9032491,919,29,한국,(주)무비다이브,2023,Y
"블루 서멀, 같은 하늘을 보고 싶어",9151013,916,62,일본,(주)박수엔터테인먼트,2023,Y
포커페이스,8224894,914,51,미국,"와이드 릴리즈(주),(주)제이앤씨미디어그룹",2023,Y
바바라,9626800,911,8,독일,"M&M 인터내셔널,(주)영화사 조제",2013,N
노매드랜드,9163700,907,9,미국,월트디즈니컴퍼니코리아 유한책임회사,2021,Y
2022 심규선 단독 콘서트 [밤의 정원: 앙코르],21027000,906,4,한국,(주)영화사 그램,2023,Y
룸 쉐어링,5261000,898,4,한국,"주식회사 엔픽플,트윈플러스파트너스(주)",2022,Y
"믿거나 말거나, 진짜야",8423026,896,20,프랑스,M&M 인터내셔널,2023,Y
에릭 클랩튼: 어크로스 24 나이츠,17787500,891,18,영국,(주)케빈앤컴퍼니,2023,Y
백경,1764000,877,1,영국,,2008,N
새를 사랑한 화가,8043799,877,16,프랑스,찬란,2023,Y
베라크루스,1757000,876,1,미국,,1971,N
오! 문희,5862000,875,2,한국,CGV아트하우스,2020,Y
책 종이 가위,8139078,871,14,일본,"(주)디오시네마,GATE6",2023,Y
뮤지컬 배니싱,17419500,871,5,한국,씨제이 씨지브이(CJ CGV)(주),2023,Y
피아노 프리즘,6937200,858,17,한국,필름다빈,2023,Y
카사블랑카,2562000,857,1,미국,워너브러더스 코리아(주),1999,N
클레오의 세계,7061590,847,3,프랑스,"그린나래미디어(주),(주)하이스트레인저",2024,Y
돈 룩 디퍼,7442028,844,14,미국,"(주)다시봄이엔티,주식회사 블루필름웍스",2023,Y
프렌치 디스패치,6483486,831,17,미국,월트디즈니컴퍼니코리아 유한책임회사,2021,Y
킬러의 레스토랑,5535000,825,44,미국,(주)스튜디오디에이치엘,2023,Y
뮤지컬 번지점프를 하다,16439500,822,5,한국,씨제이 씨지브이(CJ CGV)(주),2023,Y
런닝맨 : 풀룰루의 역습,4121500,822,20,한국,(주)넥스트엔터테인먼트월드(NEW),2018,N
어느 가족,8211001,810,8,일본,(주)티캐스트,2018,N
상처뿐인 영광,1618000,809,1,미국,,1971,N
거대한 서부,1744000,790,1,미국,,1972,N
킹 오브 프리즘 올 스타즈 -프리즘 쇼☆베스트10-,7674993,790,4,일본,동우에이앤이(주),2020,Y
무기여 잘 있거라,1581000,783,1,미국,,1974,N
쿼바디스,1567000,781,1,미국,,1973,N
ARKO LIVE 뮤지컬 시데레우스,15579500,779,5,한국,(주)아이디어랩,2021,Y
캐리 러브콘서트 케이팝,8381100,775,27,한국,씨제이 씨지브이(CJ CGV)(주),2023,Y
마인드케이지,4694000,774,50,미국,(주)누리픽쳐스,2023,Y
데시벨,6463000,772,5,한국,(주)마인드마크,2022,Y
바깥 나라의 소녀,5276768,769,6,일본,(주)미디어캐슬,2023,Y
모정,1639000,765,1,미국,,1972,N
무빙 포 워드,10470000,760,5,한국,씨제이 씨지브이(CJ CGV)(주),2023,Y
카시오페아,5130000,755,4,한국,(주)트리플픽쳐스,2022,Y
더 메뉴,8706000,749,2,미국,월트디즈니컴퍼니코리아 유한책임회사,2022,Y
"님아, 그 강을 건너지 마오",4944000,744,4,한국,"CGV아트하우스,(주)대명문화공장",2014,N
트랜짓,7070400,744,8,독일,M&M 인터내셔널,2020,Y
걸스 인 원더랜드 : 벤타엑스 브이알 뮤직시네마 02,18350000,734,1,한국,벤타브이알,2023,Y
나비효과,6551500,727,29,한국,시네마 뉴원,2023,Y
솔로몬과 시바의 여왕,1544000,714,1,미국,,1972,N
바닷마을 다이어리,7048900,702,10,일본,"주식회사 왓챠,(주)티캐스트",2015,N
소울,7500300,687,6,미국,월트디즈니컴퍼니코리아 유한책임회사,2021,Y
하이큐!! 승자와 패자,6717997,678,4,일본,"(주)이수C&E,(주)팝엔터테인먼트",2016,N
매복,3675000,673,21,미국,(주)케이티알파,2023,Y
안나 카레니나,6907800,672,13,한국,(주)비프로,2018,N
7인의 신부,1336000,663,1,미국,,1972,N
가디언즈 오브 갤럭시,6488400,658,1,미국,소니픽쳐스릴리징월트디즈니스튜디오스코리아(주),2014,N
그 여름 가장 조용한 바다,6429000,658,1,일본,"(주)영화사 진진,(주)스폰지이엔티",2004,N
극장판 안녕 자두야: 제주도의 비밀,4453000,652,7,한국,(주)씨제이이엔엠,2022,Y
마인드 유니버스,5530000,648,12,한국,영화사빅,2023,Y
감쪽같은 그녀,3368000,642,2,한국,플러스엠 엔터테인먼트,2019,N
기예르모 델토로의 피노키오,6478000,639,11,미국,씨제이 씨지브이(CJ CGV)(주),2022,Y
업,6931300,631,5,미국,한국소니픽쳐스릴리징브에나비스타영화㈜,2009,N
류이치 사카모토: 코다,6691260,629,3,일본,주식회사 씨네룩스,2018,N
엑시트,4396000,628,1,한국,(주)씨제이이엔엠,2019,N
가디언즈 오브 갤럭시 VOL. 2,5985900,626,1,미국,월트디즈니컴퍼니코리아 유한책임회사,2017,N
초원의 빛,1311000,621,1,미국,,1972,N
빌리 아일리시: 라이브 앳 디 오투 (확장판),15497500,620,33,미국,씨제이포디플렉스 주식회사,2023,Y
라스트필름,3301500,620,15,한국,영화배급협동조합 씨네소파,2022,Y
환타지아2000,6180000,618,3,미국,,2000,N
극장판 겁쟁이 페달,4632297,618,5,일본,(주)미디어캐슬,2023,Y
존 윅 - 리로드,3716394,615,18,미국,"와이드 릴리즈(주),(주)제이앤씨미디어그룹",2017,N
킹 오브 프리즘 (바이 프리티 리듬),5305827,612,4,일본,(주)박수엔터테인먼트,2016,N
신입사원: 더 무비,4999000,608,1,한국,(주)나인플래너스,2023,Y
스트레이트 스토리,5087056,605,6,프랑스,"주식회사 블루필름웍스,(주)버킷스튜디오",2001,N
졸업,4650900,604,11,미국,시네마 뉴원,1971,N
그렇게 아버지가 된다,6023000,598,9,일본,(주)티캐스트콘텐츠허브,2013,N
너의 시선이 머무는 곳에,8877000,592,14,한국,씨제이 씨지브이(CJ CGV)(주),2023,Y
내 모든 것을 다주어도,1189000,592,1,미국,,1977,N
성춘향,1260000,586,1,한국,,1961,N
애니씽 고즈: 라이브 인 런던,10376500,585,17,영국,(주)위즈온센,2023,Y
표류도,1190000,584,1,한국,,1960,N
킹 오브 킬러스,3636000,576,30,미국,주식회사 풍경소리,2023,Y
수프와 이데올로기,4760000,574,2,한국,(주)엣나인필름,2022,Y
보이스,3948000,564,2,한국,(주)씨제이이엔엠,2021,Y
더 챔피언,6063489,563,18,영국,(주)스튜디오디에이치엘,2023,Y
그래도 내가 하지 않았어,4935224,560,17,일본,"(주)드림팩트엔터테인먼트,서울엠피필름(주)",2008,N
신세계,5770900,559,20,한국,(주)넥스트엔터테인먼트월드(NEW),2013,N
극장판 프리파라 모두 모여라! 프리즘☆투어즈,4566296,550,7,한국,"동우에이앤이(주),(주)박수엔터테인먼트",2016,N
키리에의 노래: 디렉터스 컷,5097741,550,9,일본,이화배컴퍼니(주),2023,Y
학교 가는 길,5234000,549,1,한국,(주)영화사 진진,2021,Y
존 윅 3: 파라벨룸,3320822,547,16,미국,"와이드 릴리즈(주),(주)제이앤씨미디어그룹,TCO(주)더콘텐츠온",2019,N
존 윅,3354552,547,18,미국,"와이드 릴리즈(주),(주)제이앤씨미디어그룹,(주)나이너스엔터테인먼트",2015,N
삼진그룹 영어토익반,4531000,545,3,한국,롯데컬처웍스(주)롯데엔터테인먼트,2020,Y
르네에게,4864900,543,13,한국,"(주)드림팩트엔터테인먼트,(주)빅브라더스",2023,Y
안경,5375300,541,7,일본,"(주)디스테이션,스폰지",2007,N
한여름밤의 재즈,4980500,541,2,미국,찬란,2022,Y
봉오동 전투,4810500,539,3,한국,(주)쇼박스,2019,N
제시는 그때 스무살이었다,5753000,539,2,한국,시네마 뉴원,2023,Y
커밍 홈 어게인,4820500,536,12,미국,시네마 뉴원,2023,Y
슬픔은 그대 가슴에,1146000,532,1,미국,,1999,N
남태평양,1058000,529,1,미국,,1971,N
플립,5791500,527,11,미국,(주)팝엔터테인먼트,2017,N
뮤지컬 더 데빌 2021,10268500,526,10,한국,씨제이 씨지브이(CJ CGV)(주),2023,Y
카모메 식당,5019800,524,9,일본,"(주)엔케이컨텐츠,스폰지",2007,N
하녀,1073000,524,1,한국,,1960,N
어느 날 그녀가 우주에서,4544000,523,16,한국,(주)이놀미디어,2023,Y
모아나,5013500,512,6,미국,월트디즈니컴퍼니코리아 유한책임회사,2017,N
"장화, 홍련",4163000,510,1,한국,영화사청어람(주),2003,N
해야 할 일,4020000,510,1,한국,,2024,Y
미끼,4794445,507,25,한국,"와이드 릴리즈(주),(주)제이앤씨미디어그룹",2023,Y
연악: 나의 운명,3616800,507,7,한국,시네마 뉴원,2023,Y
비포 미드나잇,4825000,505,1,미국,"에무 시네마 앤 카페,(주)까멜리아이엔티,(주)팝엔터테인먼트",2013,N
뮤지컬 더 데빌 2018,9894500,504,10,한국,씨제이 씨지브이(CJ CGV)(주),2023,Y
"2021 스웨그 에이지 : 외쳐, 조선!",10079500,504,5,한국,(주)위즈온센,2021,Y
돌아오지 않는 강,1385000,490,1,미국,,1971,N
니얼굴,4517000,490,1,한국,(주)영화사 진진,2022,Y
토니 타키타니,4717000,488,3,일본,스폰지,2005,N
언더독,3212499,487,7,한국,(주)넥스트엔터테인먼트월드(NEW),2019,N
파수꾼,9054000,485,2,한국,필라멘트픽쳐스,2011,N
뉴클리어 나우,4938039,481,17,미국,(주)이놀미디어,2023,Y
말임씨를 부탁해,2976000,480,3,한국,(주)씨네필운,2022,Y
군산전기,3954850,479,9,한국,주식회사 블루필름웍스,2023,Y
미나리,2342000,478,1,미국,판씨네마(주),2021,Y
료마! 테니스의 왕자: 디사이드,3727800,476,7,일본,(주)미디어캐슬,2023,Y
이름 없는 춤,4666000,476,14,일본,"(주)디오시네마,GATE6",2023,Y
극장판 극주부도,3234047,476,5,일본,(주)미디어캐슬,2023,Y
1917,3800000,476,3,미국,(주)스마일이엔티,2020,Y
하이큐!! 콘셉트의 싸움,4488896,473,4,일본,"(주)이놀미디어,(주)팝엔터테인먼트",2018,N
만인의 연인,1793000,473,3,한국,(주)시네마달,2022,Y
여름이야기,4471000,472,2,프랑스,(주)영화사 안다미로,1998,N
프란시스 하,4558000,472,2,미국,그린나래미디어(주),2014,N
몽상가들,4425500,471,1,프랑스,"찬란,오드",2005,N
신비아파트 극장판 하늘도깨비 대 요르문간드,3269500,470,8,한국,(주)씨제이이엔엠,2019,N
람보르기니: 전설이 된 남자,3468000,468,5,이탈리아,(주)누리픽쳐스,2023,Y
그린 나이트,3379500,456,1,미국,(주)팝엔터테인먼트,2021,Y
혜옥이,3965000,454,4,한국,(주)트리플픽쳐스,2022,Y
극장판 프리파라 모두의 동경♪ 렛츠고☆프리파리,3813354,450,7,일본,(주)박수엔터테인먼트,2017,N
큐어,4033000,448,2,일본,M&M 인터내셔널,2022,Y
해피 아워,8246000,446,2,일본,(주)트리플픽쳐스,2021,Y
압꾸정,4421000,442,2,한국,(주)쇼박스,2022,Y
희망의 요소,3513000,440,6,한국,필름다빈,2022,Y
지옥,3385000,439,5,프랑스,해피송,2010,N
부활,3158000,434,1,한국,(주)중헌홀딩스,2020,Y
딸에 대하여,3474000,429,1,한국,"찬란,스튜디오 에이드",2024,Y
2퍼센트,2792000,426,8,한국,시네마 뉴원,2023,Y
엔칸토: 마법의 세계,4926500,426,5,미국,월트디즈니컴퍼니코리아 유한책임회사,2021,Y
막걸리가 알려줄거야,3391000,424,1,한국,"판씨네마(주),(주)홈초이스",2024,Y
인천상륙작전,4230000,423,1,한국,(주)씨제이이엔엠,2016,N
이장,1616000,418,1,한국,㈜인디스토리,2020,Y
더 납작 엎드릴게요,2949000,415,1,한국,(주)마노엔터테인먼트,2024,Y
괴인 드라큐라,830000,405,1,영국,,1977,N
타오르는 여인의 초상,2932000,405,1,프랑스,"그린나래미디어(주),(주)홈초이스",2020,Y
밥만 잘 사주는 이상한 이사님 극장판,5968000,398,18,한국,헤븐리 주식회사,2023,Y
동경 이야기,3824000,392,1,일본,"(주)엣나인필름,오드",2014,N
로맨스 빠빠,815000,392,1,한국,,1960,N
아이다,9572000,391,7,미국,(주) 인스터 글로벌,2019,N
경미의 세계,3009878,390,13,한국,트윈플러스파트너스(주),2023,Y
뮤지컬,7659000,383,5,한국,주식회사 홍컴퍼니,2022,Y
마담 프루스트의 비밀정원,4453500,382,1,프랑스,찬란,2014,N
명량,3421500,380,1,한국,(주)씨제이이엔엠,2014,N
정직한 후보,3705000,373,2,한국,(주)넥스트엔터테인먼트월드(NEW),2020,Y
레 미제라블,2611000,373,1,프랑스,(주)영화사 진진,2021,Y
연평해전,2640000,373,1,한국,(주)넥스트엔터테인먼트월드(NEW),2015,N
더 파더,2693500,371,1,영국,판씨네마(주),2021,Y
씽2게더,2157000,370,2,미국,유니버설픽쳐스인터내셔널 코리아(유),2022,Y
스크림6,4049300,370,19,미국,롯데컬처웍스(주)롯데엔터테인먼트,2023,Y
