ERA,G,closer,log_salary
1.78,51,0,9.210340372
2.64,45,1,11.60823564
3.48,65,0,9.61580548
4.46,45,0,8.853665428
4.66,61,0,8.987196821
4.87,51,0,9.392661929
5.1,28,0,9.648595303
5.75,31,0,9.71111566
6.6,30,0,8.411832676
7.52,23,0,10.23995979
10.08,29,0,8.342839804
3.12,65,1,9.798127037
3.47,54,0,9.392661929
3.51,48,0,8.881836305
3.71,34,0,8.517193191
4.1,40,1,9.798127037
5.85,33,0,8.987196821
6.25,23,0,8.517193191
6.68,28,0,8.29404964
2.89,63,0,9.680344001
3.54,30,0,9.305650552
3.8,42,0,9.680344001
3.9,36,1,9.71111566
4.64,42,1,9.852194258
4.83,42,0,9.655026193
4.89,29,0,8.612503371
4.98,60,0,9.305650552
5.31,62,0,8.853665428
5.61,33,0,9.210340372
7.71,27,0,9.104979856
1.59,55,0,8.948975608
2.57,50,0,8.974618038
3.33,58,0,8.974618038
4.3,26,0,8.29404964
4.66,62,0,9.495519314
5.24,24,0,8.779557456
5.64,22,0,8.268731832
5.91,39,0,8.853665428
5.94,54,0,8.71604405
6.75,24,0,9.210340372
8.39,11,0,8.101677747
1.57,50,1,9.680344001
2.45,47,1,9.546812609
3.29,47,0,8.853665428
5.06,57,0,9.104979856
5.32,48,0,8.699514748
5.37,22,0,8.29404964
6.83,48,0,8.556413905
7.24,15,0,8.160518247
7.85,15,0,8.070906089
10.76,37,0,9.259130536
3.1,46,0,8.517193191
3.58,57,0,9.61580548
3.75,48,0,8.9226583
3.94,58,1,9.740968623
3.97,47,0,8.476371197
3.98,32,0,8.699514748
4.85,31,0,8.342839804
5.7,53,0,9.392661929
6.2,22,0,8.517193191
7.18,37,0,8.9226583
8.01,36,0,8.824677891
2.51,49,1,9.903487553
2.7,77,0,10.1266311
3.09,54,0,8.9226583
3.26,56,1,9.740968623
3.8,62,0,8.987196821
5.12,47,0,9.259130536
5.31,23,0,8.517193191
5.83,20,0,8.517193191
6.05,42,0,8.699514748
6.54,24,0,8.612503371
7.62,9,0,8.29404964
1.04,30,0,9.305650552
2.66,48,0,9.903487553
3.7,36,0,9.305650552
3.98,53,0,9.104979856
4.26,58,1,10.30895266
4.61,69,0,9.472704636
4.64,22,0,8.411832676
4.89,33,0,8.987196821
5.02,56,1,9.350102314
5.23,43,0,9.350102314
5.26,44,0,9.546812609
5.79,17,0,8.29404964
6.0,22,0,8.38935982
6.86,30,0,9.210340372
2.05,25,0,8.5754621
2.15,53,1,10.40426284
3.0,42,0,9.104979856
3.3,58,0,9.392661929
3.86,24,0,8.29404964
4.22,53,0,9.210340372
4.54,33,0,8.411832676
4.68,43,0,8.556413905
4.73,52,0,8.9226583
5.4,42,0,8.411832676
8.89,15,0,8.160518247
2.42,57,1,9.210340372
4.13,63,1,9.740968623
5.13,57,0,8.29404964
5.46,53,0,9.210340372
5.79,42,0,8.987196821
6.56,29,0,8.779557456
7.4,33,0,9.680344001
7.43,22,0,8.006367568
7.55,29,0,7.901007052
8.61,31,0,8.006367568
2.03,64,1,11.98292909
4.5,22,0,8.411832676
4.74,30,0,8.612503371
4.91,60,0,9.546812609
5.08,59,0,10.23995979
5.26,41,0,8.612503371
6.35,31,0,9.392661929
7.27,41,0,9.392661929
2.13,64,0,9.433483923
2.17,63,1,10.20359214
2.22,70,1,10.23995979
2.43,46,0,9.259130536
2.97,66,0,9.546812609
4.1,35,0,9.61580548
4.13,15,0,8.517193191
4.29,16,0,9.392661929
4.32,21,0,8.517193191
4.46,35,0,8.853665428
5.56,15,0,8.517193191
1.93,38,0,9.210340372
2.09,50,1,10.02127059
2.66,24,0,8.216088099
2.78,65,1,10.1266311
3.91,47,0,9.305650552
4.09,23,0,9.581903928
4.3,58,0,9.210340372
4.73,45,0,9.546812609
5.73,22,0,8.411832676
6.07,31,0,8.612503371
6.29,35,0,9.680344001
7.42,12,0,8.517193191
2.13,58,1,9.61580548
3.58,43,0,8.533066541
3.94,43,0,9.182969175
4.5,20,0,8.131530711
4.62,55,0,8.756210092
4.82,49,0,8.974618038
5.22,56,0,9.17781718
7.62,14,0,8.160518247
8.55,20,0,8.594154233
2.2,64,1,9.740968623
3.29,69,0,9.903487553
3.47,21,0,8.160518247
3.86,24,0,8.268731832
3.92,30,0,8.779557456
4.75,49,0,9.210340372
5.55,50,0,8.809862805
5.79,24,0,8.342839804
5.91,32,0,9.433483923
5.95,59,0,8.699514748
7.44,24,0,8.188689124
7.5,25,0,8.188689124
7.88,17,0,8.29404964
2.85,44,0,9.27799902
3.59,61,1,10.23995979
4.11,25,0,9.047821442
4.33,68,0,9.803667217
4.81,33,0,8.779557456
5.09,39,0,8.779557456
5.79,43,0,8.648221454
6.31,39,0,8.536995819
6.41,23,0,8.665613197
6.55,13,0,8.006367568
7.33,26,0,9.035986985
2.4,48,0,9.392661929
2.42,65,1,10.23995979
2.61,49,0,9.159047078
2.7,32,0,8.809862805
2.89,28,0,9.011889433
2.95,56,0,9.350102314
3.31,62,0,10.29214554
4.08,35,0,9.047821442
2.08,44,0,8.9226583
3.79,46,0,9.392661929
3.92,53,0,9.433483923
4.15,60,0,9.259130536
4.25,61,1,10.20359214
4.94,35,0,9.104979856
4.95,32,0,8.536995819
5.37,37,0,9.159047078
7.17,42,0,9.210340372
7.83,12,0,8.342839804
3.22,66,1,9.852194258
3.28,47,0,9.104979856
3.48,44,1,10.4341158
3.54,51,0,9.249561085
4.69,45,0,9.210340372
5.05,40,0,8.699514748
5.18,46,0,8.517193191
5.51,38,0,9.047821442
6.52,21,0,8.748304912
2.39,59,1,9.433483923
3.34,65,1,9.825526011
3.73,40,0,9.392661929
3.92,60,0,9.259130536
4.97,65,0,9.61580548
5.13,20,0,8.29404964
5.67,30,0,8.779557456
5.72,20,0,8.29404964
5.73,40,0,9.392661929
5.86,38,0,8.779557456
3.04,26,0,8.748304912
3.26,60,0,10.1266311
3.32,57,1,11.8493977
3.35,39,0,8.748304912
3.68,46,0,8.9226583
4.53,58,0,8.987196821
4.68,54,0,9.392661929
4.7,38,0,8.612503371
5.7,19,0,8.987196821
5.91,37,0,8.853665428
5.94,42,0,8.648221454
6.15,14,0,8.188689124
1.48,61,1,10.66895539
1.81,36,0,9.392661929
2.04,59,0,9.680344001
2.16,45,0,9.472704636
2.3,17,0,8.9226583
2.4,64,0,10.1266311
2.64,67,0,10.59663473
3.34,65,0,10.08580911
4.05,25,0,9.546812609
4.14,47,0,9.259130536
3.1,58,0,9.210340372
3.48,58,1,10.30895266
3.62,68,0,9.581903928
3.95,32,0,9.210340372
4.35,31,0,8.853665428
4.38,26,1,9.903487553
5.3,48,0,8.699514748
6.61,35,0,9.082507
6.71,29,0,8.188689124
8.46,20,0,8.699514748
2.67,37,0,8.476371197
4.02,44,0,8.853665428
4.04,52,0,9.071078305
4.21,56,1,9.61580548
4.36,78,0,9.553930076
4.4,52,0,9.093806556
5.4,30,0,8.5754621
5.65,13,0,8.101677747
6.25,25,0,8.536995819
6.83,49,0,8.665613197
1.88,27,0,8.517193191
2.91,75,0,9.546812609
3.12,54,0,9.852194258
3.3,50,1,9.510444964
3.38,55,1,10.04324949
5.03,47,0,8.974618038
5.4,34,0,9.259130536
6.07,47,0,8.699514748
7.0,31,0,8.188689124
2.9,73,0,10.12101537
3.71,55,0,9.159047078
3.98,43,1,10.13459927
3.98,39,0,9.296518068
4.06,68,1,9.667765219
4.8,33,0,9.159047078
5.65,68,0,9.159047078
5.8,38,0,8.881836305
5.88,27,0,8.318742253
1.9,76,1,10.1266311
2.95,38,0,8.699514748
3.26,61,1,10.49127422
3.66,52,0,8.71604405
3.74,44,0,9.024010794
3.91,58,0,10.29214554
2.98,68,0,10.81977828
3.24,59,0,9.104979856
3.24,33,0,9.104979856
3.25,16,0,8.517193191
3.41,72,0,9.546812609
4.62,47,0,8.9226583
4.86,51,0,8.9226583
6.12,36,0,8.699514748
8.59,10,0,8.160518247
2.01,65,1,9.998797732
3.14,43,0,9.798127037
3.27,45,1,8.853665428
3.43,41,0,8.779557456
3.58,53,1,9.45720045
4.29,26,0,8.853665428
4.32,27,0,8.411832676
4.73,24,0,8.779557456
5.15,26,0,8.895629627
5.15,25,0,9.047821442
5.27,27,0,8.411832676
6.35,17,0,8.411832676
7.89,23,0,8.411832676
2.57,20,0,8.699514748
3.05,41,0,9.740968623
3.72,45,0,9.047821442
3.95,51,0,9.472704636
4.01,68,1,10.18490001
4.09,22,0,9.159047078
4.25,40,0,9.472704636
4.92,64,1,9.928180165
3.6,60,0,9.740968623
3.95,51,0,9.011889433
4.81,56,0,9.998797732
4.98,48,1,8.853665428
7.11,71,0,9.740968623
7.5,36,0,8.699514748
9.1,15,0,8.476371197
1.58,42,0,9.126958763
3.19,45,0,9.472704636
3.44,67,0,9.047821442
3.52,38,0,9.433483923
4.7,60,0,10.37349118
5.08,57,1,8.779557456
3.59,62,0,9.472704636
3.65,70,0,10.02127059
3.96,67,1,9.71111566
4.17,25,0,8.612503371
4.21,32,0,9.61580548
4.67,36,0,8.188689124
5.32,25,0,8.131530711
5.49,36,0,9.210340372
5.54,15,0,8.160518247
6.51,23,0,8.853665428
1.96,55,0,9.305650552
2.45,47,0,9.305650552
3.65,55,1,9.878169745
3.95,47,0,8.411832676
4.19,76,0,9.867860375
4.63,37,0,8.38935982
5.36,52,0,9.210340372
6.44,43,0,9.581903928
6.44,21,0,8.496990484
6.45,16,0,8.29404964
7.25,20,0,8.101677747
2.12,58,1,9.210340372
2.15,64,0,9.740968623
2.92,52,1,9.903487553
2.96,64,1,10.1266311
3.21,64,0,9.546812609
3.86,31,0,8.779557456
4.06,56,1,9.680344001
4.5,33,0,8.987196821
4.6,29,0,8.29404964
5.11,41,0,9.305650552
5.64,27,0,8.342839804
6.61,13,0,8.160518247
2.45,47,0,9.698920387
2.97,63,1,10.81977828
3.78,33,0,9.148464968
3.96,67,1,10.71441777
4.55,36,0,8.987196821
4.66,34,0,8.987196821
5.32,12,0,8.268731832
5.86,24,0,8.366370302
6.44,50,0,8.699514748
6.83,28,0,8.242756346
2.6,59,1,10.59663473
2.75,68,1,9.680344001
3.42,64,0,9.392661929
3.98,36,0,8.699514748
4.34,22,0,8.29404964
5.45,31,0,8.318742253
6.69,18,0,8.699514748
6.83,16,0,8.517193191
6.93,25,0,8.5754621
2.15,70,0,9.71111566
3.06,63,0,10.02127059
4.43,16,0,8.29404964
4.44,61,1,9.305650552
4.68,65,0,9.510444964
4.83,35,0,9.510444964
4.83,17,0,8.411832676
2.51,51,1,9.903487553
4.22,67,1,9.852194258
4.45,32,0,8.9226583
4.5,21,0,8.366370302
4.64,57,0,8.987196821
5.05,54,0,9.104979856
5.21,45,0,8.699514748
5.98,17,0,8.853665428
7.32,35,0,8.699514748
2.09,27,0,8.71604405
2.59,69,1,10.71441777
3.58,76,1,10.46310334
4.2,53,0,9.574983486
4.5,73,0,9.635608107
4.97,25,0,8.433811582
5.62,50,0,8.909235279
5.79,41,0,8.29404964
2.23,35,0,9.740968623
3.9,37,0,9.047821442
3.96,56,0,10.08580911
4.07,15,0,8.732304571
4.48,60,0,10.08580911
5.34,27,0,8.699514748
6.3,14,0,9.472704636
8.56,25,0,8.517193191
2.97,62,1,9.952277717
3.78,53,0,9.259130536
3.97,71,0,10.40426284
4.15,27,0,8.342839804
4.53,46,0,9.024010794
4.76,27,0,9.798127037
5.4,37,0,8.9226583
6.39,33,0,8.699514748
6.95,26,0,9.305650552
8.82,42,0,9.210340372
9.11,36,1,8.853665428
2.08,60,1,9.546812609
2.89,77,0,9.472704636
3.0,53,0,9.210340372
3.24,55,0,9.159047078
3.99,59,0,9.798127037
4.32,13,0,8.342839804
5.16,29,0,8.556413905
6.38,52,0,9.305650552
6.4,36,0,9.392661929
6.43,17,0,8.101677747
7.39,33,0,8.242756346
9.37,35,0,9.71111566
2.65,65,1,10.1266311
3.76,37,0,8.630521877
3.76,64,0,9.148464968
4.59,65,1,9.998797732
5.03,70,0,9.148464968
5.29,39,0,9.568014816
5.38,36,0,8.411832676
5.63,21,0,8.476371197
6.37,21,0,8.29404964
6.56,27,0,8.699514748
7.02,58,0,8.5754621
2.49,53,1,10.49127422
3.56,71,0,9.392661929
3.86,56,0,9.740968623
3.94,75,0,9.903487553
4.09,66,1,10.30895266
4.62,23,0,8.29404964
4.92,35,0,9.104979856
5.09,56,0,9.392661929
7.86,20,0,8.411832676
8.28,37,0,9.392661929
3.55,26,0,8.29404964
4.38,38,0,8.699514748
4.56,18,0,8.29404964
5.4,27,0,9.305650552
6.18,54,0,8.853665428
7.26,18,0,8.29404964
3.52,66,1,10.08580911
4.31,71,0,9.305650552
4.62,26,0,8.517193191
5.2,75,0,9.952277717
5.32,42,0,9.210340372
5.34,29,0,8.68270763
7.03,22,0,8.29404964
7.31,30,0,8.188689124
2.49,69,1,9.392661929
3.15,42,0,9.903487553
3.97,51,0,8.9226583
4.53,39,0,9.510444964
5.74,50,0,9.510444964
5.79,24,0,8.987196821
9.51,17,0,8.242756346
3.18,44,1,10.59663473
4.34,46,0,9.305650552
4.35,55,1,8.948975608
5.54,42,0,9.035986985
6.61,34,0,8.242756346
6.83,18,0,8.070906089
8.01,25,0,8.242756346
3.58,76,1,9.510444964
5.01,69,0,8.987196821
5.55,51,0,10.54534144
5.95,63,0,8.909235279
6.75,18,0,9.472704636
7.78,32,0,9.210340372
8.18,26,0,8.987196821
