y,avg_apt_age,avg_TF_large,cnt,rate_big_area_m2,pop_50_69,rate_buy,rate_welfare_recipient,avg_D_Sub
16.32768758,15.86363636,0.0,1,0.450268817,217.9583333,0.136363636,0.0127699739,374.1173232
16.37088181,19.24,0.0,1,0.2,217.9583333,0.178571429,0.0127699739,250.1090601
15.88601347,20.44444444,0.0,1,0.0,84.82142857,0.329787234,0.1297090352,286.8439663
16.12851289,17.0,0.0,1,0.483221477,84.82142857,0.106060606,0.1297090352,282.1403165
16.42794672,3.06122449,0.0,1,0.0,318.1,0.443298969,0.06327994497,616.1671317
15.73567956,12.0,0.0,1,0.005524862,318.1,0.179487179,0.06327994497,533.688666
16.3519067,26.92307692,0.0,1,0.0,980.5,0.117318436,0.023644339360000002,428.8278122
16.20219257,27.81904762,0.0,3,0.134776193,7253.5,0.134848485,0.06786321155000001,198.4178564
16.04009859,12.84756098,0.0,3,0.244588745,4890.0,0.175757576,0.054239503349999996,118.3176214
16.97614969,6.0,0.0,1,0.025466893,455.4166667,0.076923077,0.0245130448,616.1671317
16.94177567,6.0,1.0,1,0.168989547,455.4166667,0.078624079,0.0245130448,616.1671317
15.98194369,52.0,0.0,1,0.0,455.4166667,0.053811659,0.0245130448,616.1671317
15.91701008,21.37931034,0.0,2,0.361445783,2891.75,0.281767956,0.00875422789,3491.486861
16.5328677,16.01769912,0.0,5,0.206254654,2463.0,0.140384615,0.02670127944,197.7218333
16.35759237,17.6031746,0.0,2,0.428109855,163.3,0.253968254,0.1010755175,192.5970056
16.28331154,13.0,0.0,1,0.0,163.3,0.211538462,0.1010755175,205.4734037
16.03504969,36.94117647,0.0,2,0.409660107,105.0909091,0.247706422,0.02833226014,206.5317265
16.13942389,6.041666667,0.0,1,0.0,105.0909091,0.18579235,0.02833226014,248.2334054
15.97923478,47.14285714,0.0,2,0.027707809,152.85,0.18,0.04727344056,236.8870901
15.96816215,41.66666667,0.0,1,0.008196721,371.8333333,0.42,0.03391709155,248.2334054
16.409914,2.955882353,0.0,1,0.0,152.85,0.313513514,0.04727344056,248.2334054
16.62865702,0.0,0.0,2,0.0,60.1,0.313513514,0.10439054340000001,161.786033
16.4516682,19.34210526,0.2,15,0.168633422,5490.5,0.119017632,0.05855179255,388.760871
16.24592159,12.48826291,0.333333333,3,0.191279887,3241.5,0.118042226,0.044465925569999995,352.8434484
16.70778281,3.0,0.0,1,0.0,43.375,0.076923077,0.020590253949999998,274.828498
16.47251293,11.8,0.0,2,0.129330254,43.375,0.13372093,0.020590253949999998,269.7179688
16.40298101,27.23529412,0.0,3,0.147431124,841.125,0.061046512,0.05773300601,210.4320221
16.52743979,13.33333333,0.0,1,0.0,841.125,0.044117647,0.05773300601,230.7093923
16.85505376,5.903225806,0.5,2,0.013636364,841.125,0.057077626,0.05773300601,248.2334054
16.3027633,32.5483871,0.0,1,0.0,4823.5,0.130890052,0.05491134425,307.6753858
16.34870594,10.0,0.0,1,0.417266187,706.625,0.123595506,0.1954865603,115.5250146
16.56280539,9.6,0.0,3,0.203691916,960.25,0.025641026,0.026546225460000003,277.0452788
16.37527613,18.0,0.0,1,0.0,794.7,0.162790698,0.033853302360000004,524.4121568
16.55021018,22.0,0.333333333,3,0.165336374,794.7,0.084862385,0.033853302360000004,612.998971
16.324674,18.88888889,0.0,1,0.0,794.7,0.230769231,0.033853302360000004,482.4613308
16.70607444,40.24137931,0.0,2,0.364168618,794.7,0.146276596,0.033853302360000004,749.3506166
16.74036918,13.50684932,0.0,4,0.042397661,2739.0,0.103333333,0.01631860126,563.5446333
16.58066979,26.30188679,0.5,2,0.1937751,1727.5,0.079591837,0.0387158104,393.1243002
16.50643465,15.0,0.0,1,0.194871795,1727.5,0.096774194,0.0387158104,387.2857456
16.4710182,13.89247312,0.0,4,0.538546256,960.25,0.098404255,0.026546225460000003,394.9274348
16.87813098,12.0,0.0,1,0.143021915,960.25,0.078125,0.026546225460000003,378.7811561
16.58980374,15.68965517,0.0,2,0.778723404,1154.0,0.178571429,0.020708653940000002,97.80382151
16.62505734,14.65909091,0.25,5,0.074404762,1154.0,0.028673835,0.020708653940000002,190.8650595
16.87349729,14.0,0.0,1,0.638513514,1154.0,0.26119403,0.020708653940000002,318.3531634
16.84349505,14.92857143,0.25,4,0.534239415,1154.0,0.094637224,0.020708653940000002,357.9134591
16.92031048,29.35611511,0.111111111,18,0.371385514,9568.0,0.101570964,0.00786693296,551.7577125
16.60206492,37.025,0.0,2,0.239263804,4140.5,0.132625995,0.03774106587,590.239997
16.92678606,18.78672986,0.0,5,0.0864,5557.0,0.220023283,0.0294899182,527.9161894
16.88941272,32.91304348,0.5,2,0.173564753,922.25,0.048632219,0.02861241731,323.6114365
16.88501667,32.05882353,0.0,2,0.0,4236.5,0.094972067,0.08639275113,746.5333994
16.63470132,8.385964912,0.0,2,0.158536585,1858.75,0.073972603,0.03688391854,545.7640402
16.59048077,13.56118143,0.133333333,15,0.150321377,6602.25,0.105551212,0.03587836839,432.5785335
16.31357803,17.0,0.0,1,0.0,1858.75,0.104166667,0.03688391854,304.4552632
16.40660398,24.62711864,0.125,8,0.097345133,6587.0,0.114369501,0.03883230266,279.790375
16.08194307,20.36842105,0.0,1,0.0,1098.5,0.060301508,0.021172983269999997,176.1065491
16.58574741,19.56528926,0.333333333,15,0.190989795,10680.0,0.107998755,0.03508484749,269.5538812
16.53264276,27.93721973,0.166666667,6,0.227507756,4162.0,0.125599233,0.01583620461,314.3125836
16.70577223,12.18055556,0.6,5,0.139344262,4444.0,0.080704329,0.04788348352,499.6447866
16.78524604,9.674033149,0.25,4,0.059409594,3268.25,0.115299335,0.03459493415,404.3302787
16.5456108,21.98333333,0.25,4,0.237011593,3268.25,0.119148936,0.03459493415,358.5666836
16.75900186,15.94350282,0.125,8,0.141873278,3937.0,0.095439189,0.03267277506,423.1627723
16.79846771,18.63615023,0.230769231,13,0.170122217,7056.5,0.079436039,0.021407808940000002,269.1212679
17.03523501,19.74350649,0.0,15,0.052552553,8787.5,0.116574586,0.02636448549,258.9115315
16.72358257,20.52112676,0.0,7,0.387593836,8607.5,0.098153547,0.03899688958,577.4728932
16.21842293,19.02173913,0.0,2,0.088662791,5253.75,0.218543046,0.07325995823999999,691.8991281
16.22338003,17.4375,0.0,1,0.0,1778.75,0.112781955,0.07585038446999999,387.0447045
15.98354733,24.92207792,0.0,1,0.21978022,25708.0,0.174242424,0.05975003427,382.3563208
16.54601317,20.12188366,0.181818182,11,0.098054005,22258.0,0.102002795,0.03533951927,336.6123251
16.65855295,27.83789954,0.117647059,17,0.064220183,8950.0,0.112494442,0.007467275759999999,447.6896163
16.54025291,22.59813084,0.03125,33,0.141421947,28104.5,0.106322743,0.03981658513,529.5197373
16.20633617,8.031847134,0.0,2,0.0,3625.5,0.2090301,0.030109489049999997,488.210885
16.1953589,20.56363636,0.0,1,0.06162465,5141.5,0.273333333,0.049359720610000005,337.2876345
16.20538057,5.12987013,0.0,1,0.0,4580.5,0.240601504,0.05133996703,603.2551784
16.37067837,13.4,0.181818182,11,0.064786113,4580.5,0.116107383,0.05133996703,277.4731973
16.11843504,20.15384615,0.166666667,6,0.253807107,7495.0,0.161790017,0.06632145816,287.5181841
16.40957502,17.36787565,0.3,10,0.205641593,14903.5,0.103305785,0.056126203959999996,899.1568766
16.32783644,13.21226415,0.130434783,23,0.110993359,16454.0,0.145933562,0.039194057729999995,800.0649687
16.09863313,13.83180026,0.181818182,11,0.25327393,20604.0,0.198478812,0.043562093839999996,1020.435613
16.20470919,34.77272727,0.166666667,6,0.362174803,6842.0,0.125203252,0.09901419131000001,585.2902939
16.15779901,16.7826087,0.0,3,0.028571429,2151.0,0.121276596,0.03391947727,470.3346442
16.21353332,17.29378531,0.058823529,17,0.165175046,9843.5,0.158795346,0.02706040126,769.7140247
16.18937081,19.83526012,0.166666667,12,0.19731157,10671.5,0.150703282,0.04749649977,319.3088024
16.11451134,17.66305819,0.103448276,29,0.050754243,45950.0,0.18697318,0.07443130989,499.297548
16.14359358,12.54462659,0.181818182,11,0.112802983,13125.5,0.225359616,0.06456198271,315.3078076
16.05869568,22.14285714,0.333333333,3,0.0,15094.0,0.223285486,0.08418907626,336.2078397
16.05888803,20.98210291,0.111111111,18,0.331691528,16403.0,0.185022026,0.04522259035,299.8697585
15.86771485,17.79464286,0.090909091,11,0.035333473,17058.0,0.217948718,0.09593158118,395.0659196
16.02955739,25.00365854,0.25,28,0.1103734,18887.5,0.130086313,0.06397104234,595.4392706
16.12509869,23.15142429,0.1875,16,0.22160312,11770.5,0.170060332,0.02624125621,533.1431534
16.11394066,23.76190476,0.0,2,0.176392573,1174.25,0.217391304,0.028620988729999998,416.9740388
16.38542285,10.33333333,0.0,1,0.186440678,712.2777778,0.117117117,0.04125089095,177.8792954
16.29544492,17.0,0.0,1,0.154639175,411.4375,0.169014085,0.030982551580000003,476.4031311
16.23411974,14.68421053,0.0,2,0.211120064,712.2777778,0.165322581,0.04125089095,360.1276149
16.34792016,13.24137931,0.0,2,0.152447552,712.2777778,0.19379845,0.04125089095,453.6812715
16.25515858,24.0,0.0,1,0.231121281,712.2777778,0.162162162,0.04125089095,339.5590995
16.28317059,18.0,0.0,1,0.170454545,672.2,0.116071429,0.030888551679999997,551.2585209
15.6080901,49.80769231,0.0,2,0.198181818,672.2,0.303370787,0.030888551679999997,390.101439
16.0996381,12.0,0.0,1,0.345679012,650.9285714,0.088235294,0.033532705520000004,176.9584707
16.48311749,8.762886598,0.5,2,0.0,650.9285714,0.121212121,0.033532705520000004,238.1530983
16.31600754,15.52777778,0.0,2,0.169919633,650.9285714,0.162337662,0.033532705520000004,264.8789724
16.08286597,18.60023725,0.04,25,0.139576402,20936.25,0.223935389,0.03667090559,1263.264179
16.39551128,14.87039106,0.363636364,22,0.136274893,11361.5,0.119593909,0.020891458909999997,688.6747699
16.25358,19.11077844,0.142857143,14,0.162885246,11214.5,0.169024045,0.03761837493,556.1258271
16.16496969,16.05545287,0.153846154,13,0.174065987,13391.75,0.200805524,0.03760917091,532.0594511
16.04083919,21.25217391,0.333333333,3,0.192482916,2808.25,0.193877551,0.04079284556,190.9467987
16.30008897,5.424390244,0.2,10,0.059404436,16504.5,0.084494774,0.07046910128,929.3564907
16.24412882,17.63194444,0.333333333,6,0.129637619,11187.5,0.141404806,0.05465210826,336.7072141
16.09858014,14.6066482,0.380952381,21,0.139249367,42423.0,0.156972499,0.06202255155,882.4429284
16.00981365,20.65548098,0.235294118,17,0.020914252,16377.0,0.184955141,0.1221302296,1111.324423
15.85479854,16.95588235,0.166666667,6,0.197308133,34845.5,0.255969436,0.07511426973,873.3546296
15.65483993,26.22857143,0.0,2,0.0,3430.5,0.21875,0.06447941409,2267.268441
15.83511275,29.98042169,0.083333333,24,0.019770799,24939.5,0.184013605,0.05083434782,942.9508359
15.81830266,27.06729475,0.074074074,27,0.127305992,26148.0,0.227380952,0.06769197517,953.8358396
16.16517513,27.93010753,0.222222222,36,0.139129793,38251.5,0.148243222,0.035462509839999996,489.1698113
15.81626646,27.29708738,0.117647059,17,0.033533692,16632.0,0.223463687,0.06251931088,318.2896451
16.19844381,26.38213628,0.194444444,36,0.073510588,24562.0,0.133784487,0.07822929321,571.2526293
16.09172001,22.42244526,0.1,40,0.098901668,22181.0,0.205718623,0.04670596619,430.7766417
16.21613344,32.28965517,0.411764706,17,0.088899259,15094.0,0.115556799,0.08429469826,425.4412764
16.18799038,30.39104159,0.253521127,71,0.065367009,67251.0,0.125900832,0.052535776900000004,430.5446923
16.2091775,29.23193167,0.170212766,47,0.099576988,27411.5,0.122494432,0.07643707369000001,826.2140532
16.34917009,13.23033708,0.3,10,0.109289617,4099.5,0.141618497,0.04527536006,461.991751
16.36046302,8.969899666,0.285714286,7,0.070428794,11000.0,0.114304376,0.04942761499000001,167.2391904
16.24755591,14.96103896,0.142857143,14,0.118406441,21332.5,0.140527578,0.06367505252,448.7635705
15.72428018,24.10191083,0.0,5,0.302796528,15027.0,0.198347107,0.06211575829,634.7764152
15.76446276,18.10714286,0.0,7,0.140172676,10402.0,0.279591837,0.051593418690000004,895.4783019
16.27451399,4.761341223,0.0,2,0.026236882,7668.0,0.206931702,0.0645136807,293.6382821
16.25850293,8.777651083,0.157894737,19,0.061533632,23222.5,0.131315861,0.05198527619,748.5008124
15.72206589,16.28148148,0.0,1,0.1775,13931.0,0.409395973,0.055378825220000004,970.6338152
15.9220488,20.82274247,0.0,13,0.015526316,14832.0,0.219864995,0.04945226917,731.1016515
16.26182353,16.50980392,0.333333333,3,0.044345898,5369.5,0.130935252,0.04430226944,362.5201463
16.20053687,11.83130435,0.025641026,39,0.255929851,15261.5,0.08271474,0.0305062171,910.5227532
16.22694648,24.57407407,0.0,1,0.0,1162.5,0.067434211,0.03824765356,27.31795933
16.4582805,15.71428571,0.0,1,0.0,1162.5,0.109090909,0.03824765356,432.1603956
16.51632643,14.36842105,0.0,2,0.240601504,1038.5,0.134099617,0.046282766229999994,500.1315888
16.50952672,17.0,1.0,1,0.0,1038.5,0.170909091,0.046282766229999994,675.4955429
16.30317718,28.0,0.0,1,0.268156425,1038.5,0.136904762,0.046282766229999994,380.1915267
16.36396927,24.33333333,0.333333333,3,0.16803653,1038.5,0.102249489,0.046282766229999994,352.0759083
16.64525897,12.10684932,0.5,4,0.03418124,5591.5,0.117774176,0.03815195407,556.0930986
16.22651807,22.82871126,0.047619048,21,0.124088233,17339.5,0.144215011,0.043113101900000006,423.645118
16.30480322,16.27659574,0.0,1,0.087719298,639.6,0.118609407,0.02220974165,328.2558444
16.11586397,18.04864865,0.0,6,0.169680111,8935.0,0.19047619,0.02599526828,901.5803307
16.00813032,21.26380368,0.0625,16,0.100013795,15600.0,0.211525868,0.04181857394,774.4429258
16.30816329,17.0,0.111111111,9,0.182384779,15106.5,0.132305195,0.04373076134,646.7733294
16.44389046,11.85849057,0.416666667,12,0.109390527,11662.5,0.115269957,0.03784734903,699.6181325
16.81050448,11.09160305,0.333333333,6,0.109577583,4878.333333,0.08814741,0.026906276939999998,237.7956259
16.69587248,17.24035608,0.0,14,0.125632525,4878.333333,0.115732369,0.026906276939999998,354.6756709
16.60494196,17.77889447,0.0,10,0.232698962,2686.5,0.122486289,0.03106647954,330.8904091
16.48181254,24.18450185,0.25,8,0.190700017,6608.5,0.108847497,0.026423435369999998,289.9961441
16.81196715,13.4057971,0.0,3,0.128571429,875.0,0.066276803,0.020945119079999998,478.0958724
16.70773803,26.0,0.0,1,0.0,875.0,0.074285714,0.020945119079999998,383.7490598
16.16717967,16.25,0.0,2,0.207627119,3922.0,0.188679245,0.02336303109,254.5838057
16.72373696,12.16915423,0.333333333,6,0.119596542,3250.8,0.090415913,0.024495473410000003,216.810221
16.77598021,14.44715447,0.2,5,0.089857046,7015.833333,0.110803324,0.02432538497,443.4566604
15.95195568,19.06779661,0.0,1,0.0,2861.833333,0.136627907,0.023204448599999997,394.0284368
16.64436383,13.13076923,0.125,8,0.112056738,2375.8,0.086906141,0.02586438439,293.7374106
16.80311751,14.66153846,0.0,3,0.159786951,1226.8,0.091880342,0.0184914404,502.3002244
16.52115519,16.47058824,0.0,10,0.073939394,1242.5,0.096397274,0.01468285441,261.494899
16.65532407,11.62337662,0.0,3,0.144617913,1242.5,0.113065327,0.01468285441,241.0430211
16.66380409,13.0,0.0,1,0.37704918,1242.5,0.110169492,0.01468285441,388.0650182
16.55097234,24.05555556,0.0,1,0.249070632,1226.8,0.056338028,0.0184914404,371.0239474
16.24601735,15.66129032,0.0,3,0.093881857,1712.833333,0.137096774,0.01759482457,266.647568
16.46251987,12.64814815,0.0,2,0.333333333,4139.5,0.212765957,0.03023952096,394.0284368
16.25867455,14.7654321,0.0,5,0.117180617,10226.0,0.185080264,0.03149127446,579.3250834
16.23188416,22.01538462,0.0,1,0.289699571,3519.5,0.285,0.01894108362,630.2249093
16.57786483,30.18927445,0.285714286,7,0.030455472,10120.0,0.084638172,0.04555787762999999,349.2465427
16.25257849,21.2,0.0,6,0.130813953,5090.0,0.131386861,0.058513975489999995,497.4994181
16.42926988,17.01234568,0.071428571,14,0.135005274,7895.5,0.041987179,0.043169029190000006,903.9356615
16.52410286,24.86715621,0.232142857,56,0.175249169,53084.5,0.080839089,0.04117772317,829.0895148
16.65220289,25.29213483,0.230769231,39,0.315979209,42289.0,0.089417989,0.024844255569999998,573.5061777
16.04665213,16.65,0.090909091,22,0.055297112,39866.0,0.180222497,0.05539341632,1019.172481
16.31646248,21.39151713,0.0,33,0.092050623,10273.0,0.124,0.00580734145,417.8707858
16.29507443,24.78324468,0.212121212,33,0.104091059,21761.0,0.137239784,0.08139652351,393.4784034
16.029293,14.54843875,0.235294118,17,0.249883703,61918.0,0.150259965,0.0445909887,584.5463079
16.45856197,28.36619718,0.444444444,18,0.082213607,11315.5,0.097815534,0.1255990442,335.8327675
16.54432728,9.651474531,0.3,20,0.113697473,3758.5,0.046643247,0.00941322277,373.83379
16.24505609,17.18550107,0.181818182,11,0.07940386,10843.75,0.09623431,0.03055214177,701.6454825
15.97030751,11.90140845,0.0,1,0.139534884,1937.875,0.335294118,0.05929094349,272.9079017
16.15224951,22.38365494,0.121212121,33,0.103850719,23103.0,0.179027505,0.05976117745,375.5760139
16.41104514,21.93359375,0.125,16,0.1599917,9286.0,0.124595469,0.00572801699,382.3956792
16.01238993,22.49531164,0.108108108,37,0.085159179,34368.5,0.209653756,0.029704986500000002,499.6675278
16.02515442,24.73076923,0.041666667,24,0.076901195,16185.5,0.168389956,0.04128890223,864.0715717
16.04174582,22.38376384,0.210526316,19,0.15523247,27615.5,0.139249816,0.038737883210000004,418.7658478
15.81557076,15.1010274,0.0,15,0.111701245,9632.5,0.253320216,0.05115281654000001,435.9807374
16.06163364,13.68571429,0.0,1,0.235235235,3771.5,0.224334601,0.04543687643,561.4057235
16.12761586,10.87142857,0.181818182,11,0.10859427,3654.5,0.02133771,0.05044670465,737.7760641
16.1266987,6.056074766,0.083333333,12,0.052916978,3654.5,0.31443299,0.05044670465,1070.106967
16.05630008,14.1557971,0.5,2,0.160703812,5193.5,0.20202874,0.034823768070000004,872.743062
16.18008699,13.80507343,0.222222222,18,0.104900881,32321.5,0.142930328,0.052896996759999995,548.381642
15.89124688,21.15571776,0.2,20,0.183875125,35399.0,0.212950139,0.06556290422,1402.341119
16.47645451,19.65,0.333333333,3,0.018821889,4100.638889,0.113580247,0.05001686601,379.9452148
16.21097289,9.502145923,0.0,1,0.0,690.8888889,0.298507463,0.05319879187,371.8609109
16.55216562,11.52571429,0.333333333,3,0.116151545,690.8888889,0.125560538,0.05319879187,142.2041003
16.40841377,19.52439024,0.0,2,0.319470699,690.8888889,0.189473684,0.05319879187,394.5931334
16.71847006,37.07982262,0.045454545,22,0.437481108,9133.5,0.115353698,0.00402894643,357.8444918
16.44820012,24.12,0.0,2,0.0,1846.833333,0.113402062,0.030248845179999997,349.2846582
16.32034634,26.01086957,0.0,3,0.0,1846.833333,0.106870229,0.030248845179999997,211.3706964
16.5021528,16.41818182,0.0,5,0.374401095,1846.833333,0.124600639,0.030248845179999997,290.6443759
16.5214576,22.40723982,0.0,9,0.123370982,2112.375,0.145856354,0.0076007437899999995,406.6254619
16.57724711,18.96610169,0.125,8,0.333814334,2112.375,0.101098901,0.0076007437899999995,221.0953205
16.24558041,15.36196319,0.0,2,0.294168842,2112.375,0.241573034,0.0076007437899999995,404.6217321
16.26888788,10.49438202,0.0,4,0.077427822,5295.0,0.146511628,0.04974500698,690.4733008
16.45941297,40.0,0.0,1,0.0,1286.166667,0.071428571,0.00816009929,365.8811737
16.41370787,23.46031746,0.2,5,0.333801334,1286.166667,0.123417722,0.00816009929,211.5957223
16.26519656,20.25,0.0,2,0.0,1286.166667,0.137096774,0.00816009929,468.3429189
16.21482643,25.90789474,0.0,6,0.070771408,1286.166667,0.148036254,0.00816009929,369.6632936
16.34003905,29.17355372,0.0,9,0.083073323,1286.166667,0.072671443,0.00816009929,554.0083138
16.43150073,20.06451613,0.0,3,0.039256198,1262.833333,0.036474164,0.017477809230000002,359.1508077
16.31314775,28.63636364,0.0,4,0.076712329,1262.833333,0.178899083,0.017477809230000002,369.9900233
16.35904248,21.47333333,0.0,7,0.073460722,1262.833333,0.156133829,0.017477809230000002,404.3304059
16.18957457,27.3220339,0.0,3,0.024173028,876.25,0.204819277,0.01261346487,244.0630633
16.44314099,26.67346939,0.5,2,0.016440315,876.25,0.175257732,0.01261346487,227.9790642
16.1934279,21.675,0.0,2,0.151452282,876.25,0.201388889,0.01261346487,479.8903531
16.4910001,16.10714286,0.172413793,29,0.072304534,30019.5,0.091135562,0.04303996781,516.2369561
16.07366849,17.77121771,0.05,20,0.031895962,17752.75,0.205752212,0.04497562955,504.8272796
16.3256561,21.07172996,0.125,8,0.22249481,7683.5,0.121212121,0.05818611927,433.0467506
16.6760546,13.47912317,0.115384615,26,0.142558359,28555.5,0.147626618,0.03671908161,394.2808929
16.53217037,21.57763975,0.0,9,0.215081967,4443.5,0.117460317,0.03908981122,262.173449
16.76036271,16.67656766,0.166666667,12,0.154640371,8730.0,0.085371276,0.02369197068,535.8780516
16.64421644,13.32352941,0.0,4,0.194,4215.25,0.082901554,0.02408600607,597.8377191
16.46367968,21.43001443,0.115384615,26,0.240614709,24933.75,0.104748921,0.030190105699999997,503.6041804
16.45082782,16.45833333,0.090909091,11,0.056546617,10052.0,0.195901145,0.04004581284,362.5170666
16.30197173,24.02279202,0.055555556,18,0.218745977,12025.0,0.131774102,0.02770504644,603.0428449
16.24614939,19.03551046,0.264705882,34,0.15623994,54957.5,0.126270867,0.040566071690000004,623.3496778
16.01502531,18.01853568,0.151515152,33,0.139958547,65240.0,0.165909091,0.05592474467,1459.706868
16.1701676,13.57627119,0.0,2,0.110465116,4716.5,0.267676768,0.020400178850000002,697.7403127
16.67168821,21.36415363,0.0,28,0.30428333,31698.5,0.134667655,0.01608508726,461.8670015
16.48334073,24.73417722,0.0,5,0.038461538,8921.0,0.064705882,0.050183032460000006,780.7392078
16.66851911,14.13084112,0.133333333,15,0.164683022,5962.75,0.051835853,0.05691258671,1317.173237
17.17883118,26.22038567,0.085714286,35,0.295339946,13374.0,0.091829085,0.0063865302300000005,343.8160695
17.35099706,19.4741573,0.35,21,0.205844523,16865.0,0.115917283,0.011525510590000001,277.7197609
16.7002524,18.94782609,0.093023256,43,0.287456869,23609.5,0.115978759,0.008705102460000001,468.3388275
16.65309474,8.717391304,1.0,2,0.232806493,1644.166667,0.027995521,0.04657202216,909.0524136
16.81497466,8.826086957,0.0,5,0.150458716,1644.166667,0.038506418,0.04657202216,580.2723901
16.86167552,17.53057851,0.038461538,26,0.154564315,14669.0,0.090627236,0.023345580350000002,408.6973675
17.2047235,21.03686636,0.409090909,22,0.114977362,14874.08333,0.065360674,0.02040156604,435.6135899
16.96756658,18.87739464,0.0,16,0.438195548,6739.0,0.099507928,0.009016229209999999,383.6764832
16.97072128,18.27173913,0.047619048,21,0.243853986,10837.5,0.084633256,0.01578113075,204.8625206
17.08573903,31.01917404,0.238095238,21,0.329033348,23250.83333,0.05801105,0.00909721687,392.6185214
16.57016912,16.20833333,0.0,3,0.222222222,5703.25,0.244117647,0.00961326778,360.9674209
16.62235922,20.43560606,0.0,10,0.161825726,9749.0,0.125979843,0.03391719359,278.3711314
17.31608297,42.64864865,0.333333333,9,0.331145292,5703.25,0.069992821,0.00961326778,436.0876747
16.71858654,11.08235294,0.0,7,0.067412806,3762.166667,0.037674038,0.05746671632,2246.873054
16.73033211,8.819277108,0.714285714,7,0.202718334,3762.166667,0.071472205,0.05746671632,1193.213145
16.75455611,8.0,0.0,2,0.100548446,3762.166667,0.062068966,0.05746671632,569.1258827
17.01564533,23.62269939,0.214285714,14,0.173213588,7311.583333,0.047201618,0.03898258806,358.0501302
17.00381623,26.93606138,0.363636364,11,0.078766783,11023.25,0.091262136,0.13124116989999998,307.4870397
16.96129398,22.2310705,0.103448276,29,0.297057349,14926.5,0.111385583,0.00444701882,392.1183971
17.11712709,21.40217391,0.636363636,11,0.180731047,28568.5,0.056369389,0.01065237497,489.8678463
16.94278996,21.8830313,0.25,8,0.181218147,10513.5,0.077304262,0.00175962461,278.532195
16.5415605,24.64788732,0.0,12,0.122028791,11345.0,0.091179386,0.02878498081,529.5575567
16.60760179,23.65486726,0.0,9,0.339020036,11990.5,0.091314031,0.02170220796,613.1266373
16.52759247,13.63095238,0.0,2,0.0,8390.0,0.154891304,0.03353378367,276.8278461
16.80456888,15.35277778,0.105263158,19,0.166372049,24952.5,0.086299892,0.01584285029,364.3461558
16.62770358,27.8285124,0.272727273,11,0.214457599,13895.75,0.09039548,0.02763793175,551.2920741
16.68925316,11.07606264,0.136363636,22,0.188200371,7681.25,0.045190713,0.032080819319999995,630.1841688
16.69152525,28.78964401,0.25,4,0.438406828,16883.0,0.079657388,0.02107940815,322.3653318
16.4953317,23.59803922,0.071428571,14,0.272296764,12486.5,0.10292581,0.04511139023,297.7111236
16.55048303,19.58688525,0.210526316,19,0.192926533,10829.5,0.055145975,0.04458531749,580.605895
16.2836341,17.04132231,0.0,6,0.142800789,13613.5,0.082334133,0.08500510031,398.5453444
16.55439568,26.33763441,0.25,12,0.212736318,12764.5,0.077442159,0.013653235909999999,414.8695647
16.71946429,7.965417867,0.428571429,7,0.101827256,12202.0,0.078180332,0.02043406111,455.3899079
16.64400639,5.23992674,0.416666667,12,0.047840079,17785.25,0.048010974,0.037985311140000005,587.419276
16.09011221,16.50255537,0.1,10,0.217751719,14351.0,0.168706963,0.037422685000000004,555.7227956
16.45910418,21.05208333,0.0,12,0.143315508,7775.5,0.148648649,0.02265425488,664.4104895
16.50835147,18.3019802,0.375,8,0.226420798,20137.0,0.100518135,0.03470513428,449.4149438
16.33501045,14.51272727,0.111111111,9,0.127366609,20075.0,0.18728223,0.03170627405,319.3770258
16.3204631,16.67356688,0.0,25,0.132212968,26861.0,0.159697188,0.06086727065,352.4596583
16.3071022,11.70658683,0.157894737,19,0.065316307,4704.75,0.017268803,0.07254836047999999,1265.658975
